gate,item_id,scenario,level,variant_id,image_path,font_size,image_width,image_height,ink_ratio
moderation,mod_recipe_01,recipe,1,T1_serif,/Users/wdanforth/Desktop/thinkingtype/data/rendered/gates/moderation/mod_recipe_01/T1_serif.png,51,1400,440,0.06892694805194806
moderation,mod_recipe_01,recipe,1,T3_sans,/Users/wdanforth/Desktop/thinkingtype/data/rendered/gates/moderation/mod_recipe_01/T3_sans.png,50,1400,435,0.08315106732348111
moderation,mod_recipe_02,recipe,2,T1_serif,/Users/wdanforth/Desktop/thinkingtype/data/rendered/gates/moderation/mod_recipe_02/T1_serif.png,51,1400,380,0.06266353383458646
moderation,mod_recipe_02,recipe,2,T3_sans,/Users/wdanforth/Desktop/thinkingtype/data/rendered/gates/moderation/mod_recipe_02/T3_sans.png,50,1400,376,0.07576177811550151
moderation,mod_recipe_03,recipe,3,T1_serif,/Users/wdanforth/Desktop/thinkingtype/data/rendered/gates/moderation/mod_recipe_03/T1_serif.png,51,1400,380,0.07074624060150377
moderation,mod_recipe_03,recipe,3,T3_sans,/Users/wdanforth/Desktop/thinkingtype/data/rendered/gates/moderation/mod_recipe_03/T3_sans.png,50,1400,435,0.07388013136288998
moderation,mod_recipe_04,recipe,4,T1_serif,/Users/wdanforth/Desktop/thinkingtype/data/rendered/gates/moderation/mod_recipe_04/T1_serif.png,51,1400,380,0.05582142857142857
moderation,mod_recipe_04,recipe,4,T3_sans,/Users/wdanforth/Desktop/thinkingtype/data/rendered/gates/moderation/mod_recipe_04/T3_sans.png,50,1400,376,0.06699088145896656
moderation,mod_recipe_05,recipe,5,T1_serif,/Users/wdanforth/Desktop/thinkingtype/data/rendered/gates/moderation/mod_recipe_05/T1_serif.png,51,1400,380,0.06445864661654135
moderation,mod_recipe_05,recipe,5,T3_sans,/Users/wdanforth/Desktop/thinkingtype/data/rendered/gates/moderation/mod_recipe_05/T3_sans.png,50,1400,376,0.0785790273556231
moderation,mod_phone_01,phone,1,T1_serif,/Users/wdanforth/Desktop/thinkingtype/data/rendered/gates/moderation/mod_phone_01/T1_serif.png,51,1400,380,0.06838157894736842
moderation,mod_phone_01,phone,1,T3_sans,/Users/wdanforth/Desktop/thinkingtype/data/rendered/gates/moderation/mod_phone_01/T3_sans.png,50,1400,376,0.08248290273556232
moderation,mod_phone_02,phone,2,T1_serif,/Users/wdanforth/Desktop/thinkingtype/data/rendered/gates/moderation/mod_phone_02/T1_serif.png,51,1400,380,0.06264097744360902
moderation,mod_phone_02,phone,2,T3_sans,/Users/wdanforth/Desktop/thinkingtype/data/rendered/gates/moderation/mod_phone_02/T3_sans.png,50,1400,376,0.07468085106382978
moderation,mod_phone_03,phone,3,T1_serif,/Users/wdanforth/Desktop/thinkingtype/data/rendered/gates/moderation/mod_phone_03/T1_serif.png,51,1400,380,0.06708646616541353
moderation,mod_phone_03,phone,3,T3_sans,/Users/wdanforth/Desktop/thinkingtype/data/rendered/gates/moderation/mod_phone_03/T3_sans.png,50,1400,376,0.08002849544072949
moderation,mod_phone_04,phone,4,T1_serif,/Users/wdanforth/Desktop/thinkingtype/data/rendered/gates/moderation/mod_phone_04/T1_serif.png,51,1400,380,0.06700187969924812
moderation,mod_phone_04,phone,4,T3_sans,/Users/wdanforth/Desktop/thinkingtype/data/rendered/gates/moderation/mod_phone_04/T3_sans.png,50,1400,376,0.08038563829787235
moderation,mod_phone_05,phone,5,T1_serif,/Users/wdanforth/Desktop/thinkingtype/data/rendered/gates/moderation/mod_phone_05/T1_serif.png,51,1400,380,0.07142105263157894
moderation,mod_phone_05,phone,5,T3_sans,/Users/wdanforth/Desktop/thinkingtype/data/rendered/gates/moderation/mod_phone_05/T3_sans.png,50,1400,435,0.07487027914614122
moderation,mod_parking_01,parking,1,T1_serif,/Users/wdanforth/Desktop/thinkingtype/data/rendered/gates/moderation/mod_parking_01/T1_serif.png,51,1400,380,0.07309774436090226
moderation,mod_parking_01,parking,1,T3_sans,/Users/wdanforth/Desktop/thinkingtype/data/rendered/gates/moderation/mod_parking_01/T3_sans.png,50,1400,435,0.07518062397372742
moderation,mod_parking_02,parking,2,T1_serif,/Users/wdanforth/Desktop/thinkingtype/data/rendered/gates/moderation/mod_parking_02/T1_serif.png,51,1400,380,0.06466541353383459
moderation,mod_parking_02,parking,2,T3_sans,/Users/wdanforth/Desktop/thinkingtype/data/rendered/gates/moderation/mod_parking_02/T3_sans.png,50,1400,376,0.07594794832826748
moderation,mod_parking_03,parking,3,T1_serif,/Users/wdanforth/Desktop/thinkingtype/data/rendered/gates/moderation/mod_parking_03/T1_serif.png,51,1400,440,0.06520292207792208
moderation,mod_parking_03,parking,3,T3_sans,/Users/wdanforth/Desktop/thinkingtype/data/rendered/gates/moderation/mod_parking_03/T3_sans.png,50,1400,435,0.07841379310344827
moderation,mod_parking_04,parking,4,T1_serif,/Users/wdanforth/Desktop/thinkingtype/data/rendered/gates/moderation/mod_parking_04/T1_serif.png,51,1400,380,0.0631766917293233
moderation,mod_parking_04,parking,4,T3_sans,/Users/wdanforth/Desktop/thinkingtype/data/rendered/gates/moderation/mod_parking_04/T3_sans.png,50,1400,376,0.07508738601823708
moderation,mod_parking_05,parking,5,T1_serif,/Users/wdanforth/Desktop/thinkingtype/data/rendered/gates/moderation/mod_parking_05/T1_serif.png,51,1400,380,0.07153947368421053
moderation,mod_parking_05,parking,5,T3_sans,/Users/wdanforth/Desktop/thinkingtype/data/rendered/gates/moderation/mod_parking_05/T3_sans.png,50,1400,435,0.07331034482758621
moderation,mod_fantasy_01,fantasy,1,T1_serif,/Users/wdanforth/Desktop/thinkingtype/data/rendered/gates/moderation/mod_fantasy_01/T1_serif.png,51,1400,380,0.06976691729323309
moderation,mod_fantasy_01,fantasy,1,T3_sans,/Users/wdanforth/Desktop/thinkingtype/data/rendered/gates/moderation/mod_fantasy_01/T3_sans.png,50,1400,376,0.08346504559270516
moderation,mod_fantasy_02,fantasy,2,T1_serif,/Users/wdanforth/Desktop/thinkingtype/data/rendered/gates/moderation/mod_fantasy_02/T1_serif.png,51,1400,380,0.06797368421052631
moderation,mod_fantasy_02,fantasy,2,T3_sans,/Users/wdanforth/Desktop/thinkingtype/data/rendered/gates/moderation/mod_fantasy_02/T3_sans.png,50,1400,376,0.08157864741641338
moderation,mod_fantasy_03,fantasy,3,T1_serif,/Users/wdanforth/Desktop/thinkingtype/data/rendered/gates/moderation/mod_fantasy_03/T1_serif.png,51,1400,440,0.07038798701298701
moderation,mod_fantasy_03,fantasy,3,T3_sans,/Users/wdanforth/Desktop/thinkingtype/data/rendered/gates/moderation/mod_fantasy_03/T3_sans.png,50,1400,435,0.08479802955665025
moderation,mod_fantasy_04,fantasy,4,T1_serif,/Users/wdanforth/Desktop/thinkingtype/data/rendered/gates/moderation/mod_fantasy_04/T1_serif.png,51,1400,380,0.05956015037593985
moderation,mod_fantasy_04,fantasy,4,T3_sans,/Users/wdanforth/Desktop/thinkingtype/data/rendered/gates/moderation/mod_fantasy_04/T3_sans.png,50,1400,376,0.07075987841945289
moderation,mod_fantasy_05,fantasy,5,T1_serif,/Users/wdanforth/Desktop/thinkingtype/data/rendered/gates/moderation/mod_fantasy_05/T1_serif.png,51,1400,380,0.07517857142857143
moderation,mod_fantasy_05,fantasy,5,T3_sans,/Users/wdanforth/Desktop/thinkingtype/data/rendered/gates/moderation/mod_fantasy_05/T3_sans.png,50,1400,435,0.07804926108374384
moderation,mod_plants_01,plants,1,T1_serif,/Users/wdanforth/Desktop/thinkingtype/data/rendered/gates/moderation/mod_plants_01/T1_serif.png,51,1400,380,0.07245864661654135
moderation,mod_plants_01,plants,1,T3_sans,/Users/wdanforth/Desktop/thinkingtype/data/rendered/gates/moderation/mod_plants_01/T3_sans.png,50,1400,435,0.07405418719211823
moderation,mod_plants_02,plants,2,T1_serif,/Users/wdanforth/Desktop/thinkingtype/data/rendered/gates/moderation/mod_plants_02/T1_serif.png,51,1400,380,0.07329323308270677
moderation,mod_plants_02,plants,2,T3_sans,/Users/wdanforth/Desktop/thinkingtype/data/rendered/gates/moderation/mod_plants_02/T3_sans.png,50,1400,435,0.07671428571428572
moderation,mod_plants_03,plants,3,T1_serif,/Users/wdanforth/Desktop/thinkingtype/data/rendered/gates/moderation/mod_plants_03/T1_serif.png,51,1400,380,0.06403759398496241
moderation,mod_plants_03,plants,3,T3_sans,/Users/wdanforth/Desktop/thinkingtype/data/rendered/gates/moderation/mod_plants_03/T3_sans.png,50,1400,376,0.07758738601823709
moderation,mod_plants_04,plants,4,T1_serif,/Users/wdanforth/Desktop/thinkingtype/data/rendered/gates/moderation/mod_plants_04/T1_serif.png,51,1400,380,0.06168609022556391
moderation,mod_plants_04,plants,4,T3_sans,/Users/wdanforth/Desktop/thinkingtype/data/rendered/gates/moderation/mod_plants_04/T3_sans.png,50,1400,376,0.0735961246200608
moderation,mod_plants_05,plants,5,T1_serif,/Users/wdanforth/Desktop/thinkingtype/data/rendered/gates/moderation/mod_plants_05/T1_serif.png,51,1400,380,0.07235714285714286
moderation,mod_plants_05,plants,5,T3_sans,/Users/wdanforth/Desktop/thinkingtype/data/rendered/gates/moderation/mod_plants_05/T3_sans.png,50,1400,435,0.07478981937602627
moderation,mod_movie_01,movie,1,T1_serif,/Users/wdanforth/Desktop/thinkingtype/data/rendered/gates/moderation/mod_movie_01/T1_serif.png,51,1400,380,0.06493421052631579
moderation,mod_movie_01,movie,1,T3_sans,/Users/wdanforth/Desktop/thinkingtype/data/rendered/gates/moderation/mod_movie_01/T3_sans.png,50,1400,376,0.07661474164133739
moderation,mod_movie_02,movie,2,T1_serif,/Users/wdanforth/Desktop/thinkingtype/data/rendered/gates/moderation/mod_movie_02/T1_serif.png,51,1400,380,0.06181203007518797
moderation,mod_movie_02,movie,2,T3_sans,/Users/wdanforth/Desktop/thinkingtype/data/rendered/gates/moderation/mod_movie_02/T3_sans.png,50,1400,376,0.07425341945288753
moderation,mod_movie_03,movie,3,T1_serif,/Users/wdanforth/Desktop/thinkingtype/data/rendered/gates/moderation/mod_movie_03/T1_serif.png,51,1400,440,0.06177272727272727
moderation,mod_movie_03,movie,3,T3_sans,/Users/wdanforth/Desktop/thinkingtype/data/rendered/gates/moderation/mod_movie_03/T3_sans.png,50,1400,435,0.07476354679802956
moderation,mod_movie_04,movie,4,T1_serif,/Users/wdanforth/Desktop/thinkingtype/data/rendered/gates/moderation/mod_movie_04/T1_serif.png,51,1400,380,0.0631109022556391
moderation,mod_movie_04,movie,4,T3_sans,/Users/wdanforth/Desktop/thinkingtype/data/rendered/gates/moderation/mod_movie_04/T3_sans.png,50,1400,376,0.0757370820668693
moderation,mod_movie_05,movie,5,T1_serif,/Users/wdanforth/Desktop/thinkingtype/data/rendered/gates/moderation/mod_movie_05/T1_serif.png,51,1400,440,0.0646866883116883
moderation,mod_movie_05,movie,5,T3_sans,/Users/wdanforth/Desktop/thinkingtype/data/rendered/gates/moderation/mod_movie_05/T3_sans.png,50,1400,435,0.07830541871921182
moderation,mod_framework_01,framework,1,T1_serif,/Users/wdanforth/Desktop/thinkingtype/data/rendered/gates/moderation/mod_framework_01/T1_serif.png,51,1400,380,0.07398684210526316
moderation,mod_framework_01,framework,1,T3_sans,/Users/wdanforth/Desktop/thinkingtype/data/rendered/gates/moderation/mod_framework_01/T3_sans.png,50,1400,435,0.07613793103448276
moderation,mod_framework_02,framework,2,T1_serif,/Users/wdanforth/Desktop/thinkingtype/data/rendered/gates/moderation/mod_framework_02/T1_serif.png,51,1400,380,0.07132142857142858
moderation,mod_framework_02,framework,2,T3_sans,/Users/wdanforth/Desktop/thinkingtype/data/rendered/gates/moderation/mod_framework_02/T3_sans.png,50,1400,376,0.08420782674772037
moderation,mod_framework_03,framework,3,T1_serif,/Users/wdanforth/Desktop/thinkingtype/data/rendered/gates/moderation/mod_framework_03/T1_serif.png,51,1400,380,0.06380075187969925
moderation,mod_framework_03,framework,3,T3_sans,/Users/wdanforth/Desktop/thinkingtype/data/rendered/gates/moderation/mod_framework_03/T3_sans.png,50,1400,376,0.07637537993920973
moderation,mod_framework_04,framework,4,T1_serif,/Users/wdanforth/Desktop/thinkingtype/data/rendered/gates/moderation/mod_framework_04/T1_serif.png,51,1400,380,0.07693233082706767
moderation,mod_framework_04,framework,4,T3_sans,/Users/wdanforth/Desktop/thinkingtype/data/rendered/gates/moderation/mod_framework_04/T3_sans.png,50,1400,435,0.0794663382594417
moderation,mod_framework_05,framework,5,T1_serif,/Users/wdanforth/Desktop/thinkingtype/data/rendered/gates/moderation/mod_framework_05/T1_serif.png,51,1400,440,0.06356655844155844
moderation,mod_framework_05,framework,5,T3_sans,/Users/wdanforth/Desktop/thinkingtype/data/rendered/gates/moderation/mod_framework_05/T3_sans.png,50,1400,435,0.07664203612479474
moderation,mod_gym_01,gym,1,T1_serif,/Users/wdanforth/Desktop/thinkingtype/data/rendered/gates/moderation/mod_gym_01/T1_serif.png,51,1400,380,0.0700921052631579
moderation,mod_gym_01,gym,1,T3_sans,/Users/wdanforth/Desktop/thinkingtype/data/rendered/gates/moderation/mod_gym_01/T3_sans.png,50,1400,376,0.08423442249240122
moderation,mod_gym_02,gym,2,T1_serif,/Users/wdanforth/Desktop/thinkingtype/data/rendered/gates/moderation/mod_gym_02/T1_serif.png,51,1400,380,0.06052255639097744
moderation,mod_gym_02,gym,2,T3_sans,/Users/wdanforth/Desktop/thinkingtype/data/rendered/gates/moderation/mod_gym_02/T3_sans.png,50,1400,376,0.07139437689969605
moderation,mod_gym_03,gym,3,T1_serif,/Users/wdanforth/Desktop/thinkingtype/data/rendered/gates/moderation/mod_gym_03/T1_serif.png,51,1400,380,0.06523684210526316
moderation,mod_gym_03,gym,3,T3_sans,/Users/wdanforth/Desktop/thinkingtype/data/rendered/gates/moderation/mod_gym_03/T3_sans.png,50,1400,376,0.07750379939209727
moderation,mod_gym_04,gym,4,T1_serif,/Users/wdanforth/Desktop/thinkingtype/data/rendered/gates/moderation/mod_gym_04/T1_serif.png,51,1400,380,0.06570864661654136
moderation,mod_gym_04,gym,4,T3_sans,/Users/wdanforth/Desktop/thinkingtype/data/rendered/gates/moderation/mod_gym_04/T3_sans.png,50,1400,376,0.07779445288753799
moderation,mod_gym_05,gym,5,T1_serif,/Users/wdanforth/Desktop/thinkingtype/data/rendered/gates/moderation/mod_gym_05/T1_serif.png,51,1400,440,0.06646753246753247
moderation,mod_gym_05,gym,5,T3_sans,/Users/wdanforth/Desktop/thinkingtype/data/rendered/gates/moderation/mod_gym_05/T3_sans.png,50,1400,435,0.08034154351395731
moderation,mod_restaurant_01,restaurant,1,T1_serif,/Users/wdanforth/Desktop/thinkingtype/data/rendered/gates/moderation/mod_restaurant_01/T1_serif.png,51,1400,380,0.06512218045112782
moderation,mod_restaurant_01,restaurant,1,T3_sans,/Users/wdanforth/Desktop/thinkingtype/data/rendered/gates/moderation/mod_restaurant_01/T3_sans.png,50,1400,376,0.0786493161094225
moderation,mod_restaurant_02,restaurant,2,T1_serif,/Users/wdanforth/Desktop/thinkingtype/data/rendered/gates/moderation/mod_restaurant_02/T1_serif.png,51,1400,380,0.05742105263157895
moderation,mod_restaurant_02,restaurant,2,T3_sans,/Users/wdanforth/Desktop/thinkingtype/data/rendered/gates/moderation/mod_restaurant_02/T3_sans.png,50,1400,376,0.06952697568389057
moderation,mod_restaurant_03,restaurant,3,T1_serif,/Users/wdanforth/Desktop/thinkingtype/data/rendered/gates/moderation/mod_restaurant_03/T1_serif.png,51,1400,380,0.05869924812030075
moderation,mod_restaurant_03,restaurant,3,T3_sans,/Users/wdanforth/Desktop/thinkingtype/data/rendered/gates/moderation/mod_restaurant_03/T3_sans.png,50,1400,376,0.0706306990881459
moderation,mod_restaurant_04,restaurant,4,T1_serif,/Users/wdanforth/Desktop/thinkingtype/data/rendered/gates/moderation/mod_restaurant_04/T1_serif.png,51,1400,380,0.05794736842105263
moderation,mod_restaurant_04,restaurant,4,T3_sans,/Users/wdanforth/Desktop/thinkingtype/data/rendered/gates/moderation/mod_restaurant_04/T3_sans.png,50,1400,376,0.07022606382978723
moderation,mod_restaurant_05,restaurant,5,T1_serif,/Users/wdanforth/Desktop/thinkingtype/data/rendered/gates/moderation/mod_restaurant_05/T1_serif.png,51,1400,380,0.06798872180451128
moderation,mod_restaurant_05,restaurant,5,T3_sans,/Users/wdanforth/Desktop/thinkingtype/data/rendered/gates/moderation/mod_restaurant_05/T3_sans.png,50,1400,376,0.08262537993920972
moderation,mod_boardgame_01,boardgame,1,T1_serif,/Users/wdanforth/Desktop/thinkingtype/data/rendered/gates/moderation/mod_boardgame_01/T1_serif.png,51,1400,440,0.06627597402597403
moderation,mod_boardgame_01,boardgame,1,T3_sans,/Users/wdanforth/Desktop/thinkingtype/data/rendered/gates/moderation/mod_boardgame_01/T3_sans.png,50,1400,435,0.07980623973727421
moderation,mod_boardgame_02,boardgame,2,T1_serif,/Users/wdanforth/Desktop/thinkingtype/data/rendered/gates/moderation/mod_boardgame_02/T1_serif.png,51,1400,380,0.06411466165413533
moderation,mod_boardgame_02,boardgame,2,T3_sans,/Users/wdanforth/Desktop/thinkingtype/data/rendered/gates/moderation/mod_boardgame_02/T3_sans.png,50,1400,376,0.07644946808510639
moderation,mod_boardgame_03,boardgame,3,T1_serif,/Users/wdanforth/Desktop/thinkingtype/data/rendered/gates/moderation/mod_boardgame_03/T1_serif.png,51,1400,380,0.06473684210526316
moderation,mod_boardgame_03,boardgame,3,T3_sans,/Users/wdanforth/Desktop/thinkingtype/data/rendered/gates/moderation/mod_boardgame_03/T3_sans.png,50,1400,376,0.07734042553191489
moderation,mod_boardgame_04,boardgame,4,T1_serif,/Users/wdanforth/Desktop/thinkingtype/data/rendered/gates/moderation/mod_boardgame_04/T1_serif.png,51,1400,440,0.0633961038961039
moderation,mod_boardgame_04,boardgame,4,T3_sans,/Users/wdanforth/Desktop/thinkingtype/data/rendered/gates/moderation/mod_boardgame_04/T3_sans.png,50,1400,435,0.07606732348111658
moderation,mod_boardgame_05,boardgame,5,T1_serif,/Users/wdanforth/Desktop/thinkingtype/data/rendered/gates/moderation/mod_boardgame_05/T1_serif.png,51,1400,380,0.07125563909774436
moderation,mod_boardgame_05,boardgame,5,T3_sans,/Users/wdanforth/Desktop/thinkingtype/data/rendered/gates/moderation/mod_boardgame_05/T3_sans.png,50,1400,435,0.0730968801313629
moderation,mod_car_01,car,1,T1_serif,/Users/wdanforth/Desktop/thinkingtype/data/rendered/gates/moderation/mod_car_01/T1_serif.png,51,1400,380,0.06828383458646617
moderation,mod_car_01,car,1,T3_sans,/Users/wdanforth/Desktop/thinkingtype/data/rendered/gates/moderation/mod_car_01/T3_sans.png,50,1400,435,0.0706551724137931
moderation,mod_car_02,car,2,T1_serif,/Users/wdanforth/Desktop/thinkingtype/data/rendered/gates/moderation/mod_car_02/T1_serif.png,51,1400,380,0.06506203007518797
moderation,mod_car_02,car,2,T3_sans,/Users/wdanforth/Desktop/thinkingtype/data/rendered/gates/moderation/mod_car_02/T3_sans.png,50,1400,376,0.07853533434650456
moderation,mod_car_03,car,3,T1_serif,/Users/wdanforth/Desktop/thinkingtype/data/rendered/gates/moderation/mod_car_03/T1_serif.png,51,1400,380,0.06961278195488722
moderation,mod_car_03,car,3,T3_sans,/Users/wdanforth/Desktop/thinkingtype/data/rendered/gates/moderation/mod_car_03/T3_sans.png,50,1400,435,0.07257142857142856
moderation,mod_car_04,car,4,T1_serif,/Users/wdanforth/Desktop/thinkingtype/data/rendered/gates/moderation/mod_car_04/T1_serif.png,51,1400,380,0.05993984962406015
moderation,mod_car_04,car,4,T3_sans,/Users/wdanforth/Desktop/thinkingtype/data/rendered/gates/moderation/mod_car_04/T3_sans.png,50,1400,376,0.07102773556231003
moderation,mod_car_05,car,5,T1_serif,/Users/wdanforth/Desktop/thinkingtype/data/rendered/gates/moderation/mod_car_05/T1_serif.png,51,1400,380,0.07026691729323309
moderation,mod_car_05,car,5,T3_sans,/Users/wdanforth/Desktop/thinkingtype/data/rendered/gates/moderation/mod_car_05/T3_sans.png,50,1400,435,0.07204433497536945
moderation,mod_bookclub_01,bookclub,1,T1_serif,/Users/wdanforth/Desktop/thinkingtype/data/rendered/gates/moderation/mod_bookclub_01/T1_serif.png,51,1400,380,0.07421428571428572
moderation,mod_bookclub_01,bookclub,1,T3_sans,/Users/wdanforth/Desktop/thinkingtype/data/rendered/gates/moderation/mod_bookclub_01/T3_sans.png,50,1400,435,0.07653858784893268
moderation,mod_bookclub_02,bookclub,2,T1_serif,/Users/wdanforth/Desktop/thinkingtype/data/rendered/gates/moderation/mod_bookclub_02/T1_serif.png,51,1400,380,0.06962781954887218
moderation,mod_bookclub_02,bookclub,2,T3_sans,/Users/wdanforth/Desktop/thinkingtype/data/rendered/gates/moderation/mod_bookclub_02/T3_sans.png,50,1400,376,0.08376329787234042
moderation,mod_bookclub_03,bookclub,3,T1_serif,/Users/wdanforth/Desktop/thinkingtype/data/rendered/gates/moderation/mod_bookclub_03/T1_serif.png,51,1400,380,0.06424248120300752
moderation,mod_bookclub_03,bookclub,3,T3_sans,/Users/wdanforth/Desktop/thinkingtype/data/rendered/gates/moderation/mod_bookclub_03/T3_sans.png,50,1400,376,0.07613601823708206
moderation,mod_bookclub_04,bookclub,4,T1_serif,/Users/wdanforth/Desktop/thinkingtype/data/rendered/gates/moderation/mod_bookclub_04/T1_serif.png,51,1400,380,0.06308646616541354
moderation,mod_bookclub_04,bookclub,4,T3_sans,/Users/wdanforth/Desktop/thinkingtype/data/rendered/gates/moderation/mod_bookclub_04/T3_sans.png,50,1400,376,0.074834726443769
moderation,mod_bookclub_05,bookclub,5,T1_serif,/Users/wdanforth/Desktop/thinkingtype/data/rendered/gates/moderation/mod_bookclub_05/T1_serif.png,51,1400,380,0.07140413533834586
moderation,mod_bookclub_05,bookclub,5,T3_sans,/Users/wdanforth/Desktop/thinkingtype/data/rendered/gates/moderation/mod_bookclub_05/T3_sans.png,50,1400,435,0.07377668308702791
moderation,mod_knitting_01,knitting,1,T1_serif,/Users/wdanforth/Desktop/thinkingtype/data/rendered/gates/moderation/mod_knitting_01/T1_serif.png,51,1400,500,0.07316857142857143
moderation,mod_knitting_01,knitting,1,T3_sans,/Users/wdanforth/Desktop/thinkingtype/data/rendered/gates/moderation/mod_knitting_01/T3_sans.png,50,1400,494,0.08859745517640255
moderation,mod_knitting_02,knitting,2,T1_serif,/Users/wdanforth/Desktop/thinkingtype/data/rendered/gates/moderation/mod_knitting_02/T1_serif.png,51,1400,380,0.0626766917293233
moderation,mod_knitting_02,knitting,2,T3_sans,/Users/wdanforth/Desktop/thinkingtype/data/rendered/gates/moderation/mod_knitting_02/T3_sans.png,50,1400,376,0.07430851063829787
moderation,mod_knitting_03,knitting,3,T1_serif,/Users/wdanforth/Desktop/thinkingtype/data/rendered/gates/moderation/mod_knitting_03/T1_serif.png,51,1400,380,0.06859398496240601
moderation,mod_knitting_03,knitting,3,T3_sans,/Users/wdanforth/Desktop/thinkingtype/data/rendered/gates/moderation/mod_knitting_03/T3_sans.png,50,1400,376,0.08225303951367781
moderation,mod_knitting_04,knitting,4,T1_serif,/Users/wdanforth/Desktop/thinkingtype/data/rendered/gates/moderation/mod_knitting_04/T1_serif.png,51,1400,380,0.0652687969924812
moderation,mod_knitting_04,knitting,4,T3_sans,/Users/wdanforth/Desktop/thinkingtype/data/rendered/gates/moderation/mod_knitting_04/T3_sans.png,50,1400,376,0.07781155015197569
moderation,mod_knitting_05,knitting,5,T1_serif,/Users/wdanforth/Desktop/thinkingtype/data/rendered/gates/moderation/mod_knitting_05/T1_serif.png,51,1400,440,0.06719318181818182
moderation,mod_knitting_05,knitting,5,T3_sans,/Users/wdanforth/Desktop/thinkingtype/data/rendered/gates/moderation/mod_knitting_05/T3_sans.png,50,1400,435,0.0805944170771757
moderation,mod_coffee_01,coffee,1,T1_serif,/Users/wdanforth/Desktop/thinkingtype/data/rendered/gates/moderation/mod_coffee_01/T1_serif.png,51,1400,440,0.07273051948051948
moderation,mod_coffee_01,coffee,1,T3_sans,/Users/wdanforth/Desktop/thinkingtype/data/rendered/gates/moderation/mod_coffee_01/T3_sans.png,50,1400,435,0.08782594417077176
moderation,mod_coffee_02,coffee,2,T1_serif,/Users/wdanforth/Desktop/thinkingtype/data/rendered/gates/moderation/mod_coffee_02/T1_serif.png,51,1400,380,0.0592687969924812
moderation,mod_coffee_02,coffee,2,T3_sans,/Users/wdanforth/Desktop/thinkingtype/data/rendered/gates/moderation/mod_coffee_02/T3_sans.png,50,1400,376,0.0713620820668693
moderation,mod_coffee_03,coffee,3,T1_serif,/Users/wdanforth/Desktop/thinkingtype/data/rendered/gates/moderation/mod_coffee_03/T1_serif.png,51,1400,440,0.06626623376623376
moderation,mod_coffee_03,coffee,3,T3_sans,/Users/wdanforth/Desktop/thinkingtype/data/rendered/gates/moderation/mod_coffee_03/T3_sans.png,50,1400,435,0.08049261083743843
moderation,mod_coffee_04,coffee,4,T1_serif,/Users/wdanforth/Desktop/thinkingtype/data/rendered/gates/moderation/mod_coffee_04/T1_serif.png,51,1400,380,0.07431766917293232
moderation,mod_coffee_04,coffee,4,T3_sans,/Users/wdanforth/Desktop/thinkingtype/data/rendered/gates/moderation/mod_coffee_04/T3_sans.png,50,1400,435,0.07715435139573071
moderation,mod_coffee_05,coffee,5,T1_serif,/Users/wdanforth/Desktop/thinkingtype/data/rendered/gates/moderation/mod_coffee_05/T1_serif.png,51,1400,380,0.07282330827067669
moderation,mod_coffee_05,coffee,5,T3_sans,/Users/wdanforth/Desktop/thinkingtype/data/rendered/gates/moderation/mod_coffee_05/T3_sans.png,50,1400,435,0.07579967159277504
moderation,mod_aquarium_01,aquarium,1,T1_serif,/Users/wdanforth/Desktop/thinkingtype/data/rendered/gates/moderation/mod_aquarium_01/T1_serif.png,51,1400,380,0.07181203007518797
moderation,mod_aquarium_01,aquarium,1,T3_sans,/Users/wdanforth/Desktop/thinkingtype/data/rendered/gates/moderation/mod_aquarium_01/T3_sans.png,50,1400,376,0.0855604103343465
moderation,mod_aquarium_02,aquarium,2,T1_serif,/Users/wdanforth/Desktop/thinkingtype/data/rendered/gates/moderation/mod_aquarium_02/T1_serif.png,51,1400,440,0.06798051948051947
moderation,mod_aquarium_02,aquarium,2,T3_sans,/Users/wdanforth/Desktop/thinkingtype/data/rendered/gates/moderation/mod_aquarium_02/T3_sans.png,50,1400,435,0.08263382594417078
moderation,mod_aquarium_03,aquarium,3,T1_serif,/Users/wdanforth/Desktop/thinkingtype/data/rendered/gates/moderation/mod_aquarium_03/T1_serif.png,51,1400,380,0.07044360902255639
moderation,mod_aquarium_03,aquarium,3,T3_sans,/Users/wdanforth/Desktop/thinkingtype/data/rendered/gates/moderation/mod_aquarium_03/T3_sans.png,50,1400,376,0.08411284194528876
moderation,mod_aquarium_04,aquarium,4,T1_serif,/Users/wdanforth/Desktop/thinkingtype/data/rendered/gates/moderation/mod_aquarium_04/T1_serif.png,51,1400,380,0.062330827067669174
moderation,mod_aquarium_04,aquarium,4,T3_sans,/Users/wdanforth/Desktop/thinkingtype/data/rendered/gates/moderation/mod_aquarium_04/T3_sans.png,50,1400,376,0.07475873860182371
moderation,mod_aquarium_05,aquarium,5,T1_serif,/Users/wdanforth/Desktop/thinkingtype/data/rendered/gates/moderation/mod_aquarium_05/T1_serif.png,51,1400,380,0.07157330827067669
moderation,mod_aquarium_05,aquarium,5,T3_sans,/Users/wdanforth/Desktop/thinkingtype/data/rendered/gates/moderation/mod_aquarium_05/T3_sans.png,50,1400,435,0.07400164203612479
moderation,mod_drone_01,drone,1,T1_serif,/Users/wdanforth/Desktop/thinkingtype/data/rendered/gates/moderation/mod_drone_01/T1_serif.png,51,1400,380,0.07626879699248121
moderation,mod_drone_01,drone,1,T3_sans,/Users/wdanforth/Desktop/thinkingtype/data/rendered/gates/moderation/mod_drone_01/T3_sans.png,50,1400,435,0.07912972085385879
moderation,mod_drone_02,drone,2,T1_serif,/Users/wdanforth/Desktop/thinkingtype/data/rendered/gates/moderation/mod_drone_02/T1_serif.png,51,1400,380,0.06494172932330827
moderation,mod_drone_02,drone,2,T3_sans,/Users/wdanforth/Desktop/thinkingtype/data/rendered/gates/moderation/mod_drone_02/T3_sans.png,50,1400,376,0.07689399696048632
moderation,mod_drone_03,drone,3,T1_serif,/Users/wdanforth/Desktop/thinkingtype/data/rendered/gates/moderation/mod_drone_03/T1_serif.png,51,1400,380,0.06706766917293233
moderation,mod_drone_03,drone,3,T3_sans,/Users/wdanforth/Desktop/thinkingtype/data/rendered/gates/moderation/mod_drone_03/T3_sans.png,50,1400,376,0.07972834346504559
moderation,mod_drone_04,drone,4,T1_serif,/Users/wdanforth/Desktop/thinkingtype/data/rendered/gates/moderation/mod_drone_04/T1_serif.png,51,1400,380,0.0649718045112782
moderation,mod_drone_04,drone,4,T3_sans,/Users/wdanforth/Desktop/thinkingtype/data/rendered/gates/moderation/mod_drone_04/T3_sans.png,50,1400,376,0.07752279635258359
moderation,mod_drone_05,drone,5,T1_serif,/Users/wdanforth/Desktop/thinkingtype/data/rendered/gates/moderation/mod_drone_05/T1_serif.png,51,1400,440,0.065125
moderation,mod_drone_05,drone,5,T3_sans,/Users/wdanforth/Desktop/thinkingtype/data/rendered/gates/moderation/mod_drone_05/T3_sans.png,50,1400,435,0.07817733990147784
moderation,mod_guitar_01,guitar,1,T1_serif,/Users/wdanforth/Desktop/thinkingtype/data/rendered/gates/moderation/mod_guitar_01/T1_serif.png,51,1400,380,0.0736936090225564
moderation,mod_guitar_01,guitar,1,T3_sans,/Users/wdanforth/Desktop/thinkingtype/data/rendered/gates/moderation/mod_guitar_01/T3_sans.png,50,1400,376,0.08798252279635259
moderation,mod_guitar_02,guitar,2,T1_serif,/Users/wdanforth/Desktop/thinkingtype/data/rendered/gates/moderation/mod_guitar_02/T1_serif.png,51,1400,380,0.07209774436090226
moderation,mod_guitar_02,guitar,2,T3_sans,/Users/wdanforth/Desktop/thinkingtype/data/rendered/gates/moderation/mod_guitar_02/T3_sans.png,50,1400,435,0.0755632183908046
moderation,mod_guitar_03,guitar,3,T1_serif,/Users/wdanforth/Desktop/thinkingtype/data/rendered/gates/moderation/mod_guitar_03/T1_serif.png,51,1400,440,0.06483928571428571
moderation,mod_guitar_03,guitar,3,T3_sans,/Users/wdanforth/Desktop/thinkingtype/data/rendered/gates/moderation/mod_guitar_03/T3_sans.png,50,1400,435,0.0787816091954023
moderation,mod_guitar_04,guitar,4,T1_serif,/Users/wdanforth/Desktop/thinkingtype/data/rendered/gates/moderation/mod_guitar_04/T1_serif.png,51,1400,380,0.06598308270676692
moderation,mod_guitar_04,guitar,4,T3_sans,/Users/wdanforth/Desktop/thinkingtype/data/rendered/gates/moderation/mod_guitar_04/T3_sans.png,50,1400,376,0.07865311550151975
moderation,mod_guitar_05,guitar,5,T1_serif,/Users/wdanforth/Desktop/thinkingtype/data/rendered/gates/moderation/mod_guitar_05/T1_serif.png,51,1400,380,0.07021052631578947
moderation,mod_guitar_05,guitar,5,T3_sans,/Users/wdanforth/Desktop/thinkingtype/data/rendered/gates/moderation/mod_guitar_05/T3_sans.png,50,1400,435,0.07369129720853859
moderation,mod_hiking_01,hiking,1,T1_serif,/Users/wdanforth/Desktop/thinkingtype/data/rendered/gates/moderation/mod_hiking_01/T1_serif.png,51,1400,380,0.07033270676691729
moderation,mod_hiking_01,hiking,1,T3_sans,/Users/wdanforth/Desktop/thinkingtype/data/rendered/gates/moderation/mod_hiking_01/T3_sans.png,50,1400,435,0.07341379310344828
moderation,mod_hiking_02,hiking,2,T1_serif,/Users/wdanforth/Desktop/thinkingtype/data/rendered/gates/moderation/mod_hiking_02/T1_serif.png,51,1400,380,0.06749060150375939
moderation,mod_hiking_02,hiking,2,T3_sans,/Users/wdanforth/Desktop/thinkingtype/data/rendered/gates/moderation/mod_hiking_02/T3_sans.png,50,1400,376,0.07967135258358662
moderation,mod_hiking_03,hiking,3,T1_serif,/Users/wdanforth/Desktop/thinkingtype/data/rendered/gates/moderation/mod_hiking_03/T1_serif.png,51,1400,380,0.06884586466165414
moderation,mod_hiking_03,hiking,3,T3_sans,/Users/wdanforth/Desktop/thinkingtype/data/rendered/gates/moderation/mod_hiking_03/T3_sans.png,50,1400,435,0.07186206896551724
moderation,mod_hiking_04,hiking,4,T1_serif,/Users/wdanforth/Desktop/thinkingtype/data/rendered/gates/moderation/mod_hiking_04/T1_serif.png,51,1400,380,0.061654135338345864
moderation,mod_hiking_04,hiking,4,T3_sans,/Users/wdanforth/Desktop/thinkingtype/data/rendered/gates/moderation/mod_hiking_04/T3_sans.png,50,1400,376,0.07327317629179331
moderation,mod_hiking_05,hiking,5,T1_serif,/Users/wdanforth/Desktop/thinkingtype/data/rendered/gates/moderation/mod_hiking_05/T1_serif.png,51,1400,380,0.06601691729323308
moderation,mod_hiking_05,hiking,5,T3_sans,/Users/wdanforth/Desktop/thinkingtype/data/rendered/gates/moderation/mod_hiking_05/T3_sans.png,50,1400,376,0.0787025075987842
moderation,mod_camping_01,camping,1,T1_serif,/Users/wdanforth/Desktop/thinkingtype/data/rendered/gates/moderation/mod_camping_01/T1_serif.png,51,1400,440,0.06823538961038961
moderation,mod_camping_01,camping,1,T3_sans,/Users/wdanforth/Desktop/thinkingtype/data/rendered/gates/moderation/mod_camping_01/T3_sans.png,50,1400,435,0.0836551724137931
moderation,mod_camping_02,camping,2,T1_serif,/Users/wdanforth/Desktop/thinkingtype/data/rendered/gates/moderation/mod_camping_02/T1_serif.png,51,1400,380,0.07188157894736842
moderation,mod_camping_02,camping,2,T3_sans,/Users/wdanforth/Desktop/thinkingtype/data/rendered/gates/moderation/mod_camping_02/T3_sans.png,50,1400,376,0.0870345744680851
moderation,mod_camping_03,camping,3,T1_serif,/Users/wdanforth/Desktop/thinkingtype/data/rendered/gates/moderation/mod_camping_03/T1_serif.png,51,1400,440,0.06874837662337663
moderation,mod_camping_03,camping,3,T3_sans,/Users/wdanforth/Desktop/thinkingtype/data/rendered/gates/moderation/mod_camping_03/T3_sans.png,50,1400,435,0.08409688013136289
moderation,mod_camping_04,camping,4,T1_serif,/Users/wdanforth/Desktop/thinkingtype/data/rendered/gates/moderation/mod_camping_04/T1_serif.png,51,1400,380,0.06540225563909774
moderation,mod_camping_04,camping,4,T3_sans,/Users/wdanforth/Desktop/thinkingtype/data/rendered/gates/moderation/mod_camping_04/T3_sans.png,50,1400,376,0.07901405775075988
moderation,mod_camping_05,camping,5,T1_serif,/Users/wdanforth/Desktop/thinkingtype/data/rendered/gates/moderation/mod_camping_05/T1_serif.png,51,1400,380,0.07596616541353383
moderation,mod_camping_05,camping,5,T3_sans,/Users/wdanforth/Desktop/thinkingtype/data/rendered/gates/moderation/mod_camping_05/T3_sans.png,50,1400,435,0.0793776683087028
moderation,mod_wine_01,wine,1,T1_serif,/Users/wdanforth/Desktop/thinkingtype/data/rendered/gates/moderation/mod_wine_01/T1_serif.png,51,1400,380,0.07400375939849624
moderation,mod_wine_01,wine,1,T3_sans,/Users/wdanforth/Desktop/thinkingtype/data/rendered/gates/moderation/mod_wine_01/T3_sans.png,50,1400,376,0.08742401215805472
moderation,mod_wine_02,wine,2,T1_serif,/Users/wdanforth/Desktop/thinkingtype/data/rendered/gates/moderation/mod_wine_02/T1_serif.png,51,1400,380,0.0722406015037594
moderation,mod_wine_02,wine,2,T3_sans,/Users/wdanforth/Desktop/thinkingtype/data/rendered/gates/moderation/mod_wine_02/T3_sans.png,50,1400,376,0.08707446808510638
moderation,mod_wine_03,wine,3,T1_serif,/Users/wdanforth/Desktop/thinkingtype/data/rendered/gates/moderation/mod_wine_03/T1_serif.png,51,1400,380,0.06352819548872181
moderation,mod_wine_03,wine,3,T3_sans,/Users/wdanforth/Desktop/thinkingtype/data/rendered/gates/moderation/mod_wine_03/T3_sans.png,50,1400,376,0.07596504559270517
moderation,mod_wine_04,wine,4,T1_serif,/Users/wdanforth/Desktop/thinkingtype/data/rendered/gates/moderation/mod_wine_04/T1_serif.png,51,1400,380,0.0710375939849624
moderation,mod_wine_04,wine,4,T3_sans,/Users/wdanforth/Desktop/thinkingtype/data/rendered/gates/moderation/mod_wine_04/T3_sans.png,50,1400,376,0.08474164133738601
moderation,mod_wine_05,wine,5,T1_serif,/Users/wdanforth/Desktop/thinkingtype/data/rendered/gates/moderation/mod_wine_05/T1_serif.png,51,1400,380,0.07532142857142857
moderation,mod_wine_05,wine,5,T3_sans,/Users/wdanforth/Desktop/thinkingtype/data/rendered/gates/moderation/mod_wine_05/T3_sans.png,50,1400,435,0.07891789819376026
moderation,mod_chess_01,chess,1,T1_serif,/Users/wdanforth/Desktop/thinkingtype/data/rendered/gates/moderation/mod_chess_01/T1_serif.png,51,1400,380,0.06912593984962406
moderation,mod_chess_01,chess,1,T3_sans,/Users/wdanforth/Desktop/thinkingtype/data/rendered/gates/moderation/mod_chess_01/T3_sans.png,50,1400,435,0.07204761904761904
moderation,mod_chess_02,chess,2,T1_serif,/Users/wdanforth/Desktop/thinkingtype/data/rendered/gates/moderation/mod_chess_02/T1_serif.png,51,1400,380,0.06975187969924812
moderation,mod_chess_02,chess,2,T3_sans,/Users/wdanforth/Desktop/thinkingtype/data/rendered/gates/moderation/mod_chess_02/T3_sans.png,50,1400,435,0.072623973727422
moderation,mod_chess_03,chess,3,T1_serif,/Users/wdanforth/Desktop/thinkingtype/data/rendered/gates/moderation/mod_chess_03/T1_serif.png,51,1400,380,0.06508646616541354
moderation,mod_chess_03,chess,3,T3_sans,/Users/wdanforth/Desktop/thinkingtype/data/rendered/gates/moderation/mod_chess_03/T3_sans.png,50,1400,376,0.07887537993920973
moderation,mod_chess_04,chess,4,T1_serif,/Users/wdanforth/Desktop/thinkingtype/data/rendered/gates/moderation/mod_chess_04/T1_serif.png,51,1400,380,0.06111466165413534
moderation,mod_chess_04,chess,4,T3_sans,/Users/wdanforth/Desktop/thinkingtype/data/rendered/gates/moderation/mod_chess_04/T3_sans.png,50,1400,376,0.07350113981762918
moderation,mod_chess_05,chess,5,T1_serif,/Users/wdanforth/Desktop/thinkingtype/data/rendered/gates/moderation/mod_chess_05/T1_serif.png,51,1400,440,0.05978733766233766
moderation,mod_chess_05,chess,5,T3_sans,/Users/wdanforth/Desktop/thinkingtype/data/rendered/gates/moderation/mod_chess_05/T3_sans.png,50,1400,435,0.07207389162561577
moderation,mod_marathon_01,marathon,1,T1_serif,/Users/wdanforth/Desktop/thinkingtype/data/rendered/gates/moderation/mod_marathon_01/T1_serif.png,51,1400,380,0.07650563909774435
moderation,mod_marathon_01,marathon,1,T3_sans,/Users/wdanforth/Desktop/thinkingtype/data/rendered/gates/moderation/mod_marathon_01/T3_sans.png,50,1400,435,0.07925615763546798
moderation,mod_marathon_02,marathon,2,T1_serif,/Users/wdanforth/Desktop/thinkingtype/data/rendered/gates/moderation/mod_marathon_02/T1_serif.png,51,1400,380,0.06546052631578947
moderation,mod_marathon_02,marathon,2,T3_sans,/Users/wdanforth/Desktop/thinkingtype/data/rendered/gates/moderation/mod_marathon_02/T3_sans.png,50,1400,376,0.07749620060790273
moderation,mod_marathon_03,marathon,3,T1_serif,/Users/wdanforth/Desktop/thinkingtype/data/rendered/gates/moderation/mod_marathon_03/T1_serif.png,51,1400,380,0.06870864661654136
moderation,mod_marathon_03,marathon,3,T3_sans,/Users/wdanforth/Desktop/thinkingtype/data/rendered/gates/moderation/mod_marathon_03/T3_sans.png,50,1400,376,0.08106003039513678
moderation,mod_marathon_04,marathon,4,T1_serif,/Users/wdanforth/Desktop/thinkingtype/data/rendered/gates/moderation/mod_marathon_04/T1_serif.png,51,1400,380,0.06381954887218046
moderation,mod_marathon_04,marathon,4,T3_sans,/Users/wdanforth/Desktop/thinkingtype/data/rendered/gates/moderation/mod_marathon_04/T3_sans.png,50,1400,376,0.07530395136778116
moderation,mod_marathon_05,marathon,5,T1_serif,/Users/wdanforth/Desktop/thinkingtype/data/rendered/gates/moderation/mod_marathon_05/T1_serif.png,51,1400,380,0.07354887218045113
moderation,mod_marathon_05,marathon,5,T3_sans,/Users/wdanforth/Desktop/thinkingtype/data/rendered/gates/moderation/mod_marathon_05/T3_sans.png,50,1400,435,0.07495402298850574
moderation,mod_laptop_01,laptop,1,T1_serif,/Users/wdanforth/Desktop/thinkingtype/data/rendered/gates/moderation/mod_laptop_01/T1_serif.png,51,1400,440,0.07343344155844156
moderation,mod_laptop_01,laptop,1,T3_sans,/Users/wdanforth/Desktop/thinkingtype/data/rendered/gates/moderation/mod_laptop_01/T3_sans.png,50,1400,435,0.088311986863711
moderation,mod_laptop_02,laptop,2,T1_serif,/Users/wdanforth/Desktop/thinkingtype/data/rendered/gates/moderation/mod_laptop_02/T1_serif.png,51,1400,380,0.06964285714285715
moderation,mod_laptop_02,laptop,2,T3_sans,/Users/wdanforth/Desktop/thinkingtype/data/rendered/gates/moderation/mod_laptop_02/T3_sans.png,50,1400,376,0.08354863221884498
moderation,mod_laptop_03,laptop,3,T1_serif,/Users/wdanforth/Desktop/thinkingtype/data/rendered/gates/moderation/mod_laptop_03/T1_serif.png,51,1400,380,0.07615037593984962
moderation,mod_laptop_03,laptop,3,T3_sans,/Users/wdanforth/Desktop/thinkingtype/data/rendered/gates/moderation/mod_laptop_03/T3_sans.png,50,1400,376,0.09066109422492401
moderation,mod_laptop_04,laptop,4,T1_serif,/Users/wdanforth/Desktop/thinkingtype/data/rendered/gates/moderation/mod_laptop_04/T1_serif.png,51,1400,440,0.07004545454545455
moderation,mod_laptop_04,laptop,4,T3_sans,/Users/wdanforth/Desktop/thinkingtype/data/rendered/gates/moderation/mod_laptop_04/T3_sans.png,50,1400,435,0.08294417077175698
moderation,mod_laptop_05,laptop,5,T1_serif,/Users/wdanforth/Desktop/thinkingtype/data/rendered/gates/moderation/mod_laptop_05/T1_serif.png,51,1400,380,0.078453007518797
moderation,mod_laptop_05,laptop,5,T3_sans,/Users/wdanforth/Desktop/thinkingtype/data/rendered/gates/moderation/mod_laptop_05/T3_sans.png,50,1400,435,0.0809688013136289
moderation,mod_podcast_01,podcast,1,T1_serif,/Users/wdanforth/Desktop/thinkingtype/data/rendered/gates/moderation/mod_podcast_01/T1_serif.png,51,1400,440,0.06669155844155844
moderation,mod_podcast_01,podcast,1,T3_sans,/Users/wdanforth/Desktop/thinkingtype/data/rendered/gates/moderation/mod_podcast_01/T3_sans.png,50,1400,435,0.08004926108374384
moderation,mod_podcast_02,podcast,2,T1_serif,/Users/wdanforth/Desktop/thinkingtype/data/rendered/gates/moderation/mod_podcast_02/T1_serif.png,51,1400,380,0.0655563909774436
moderation,mod_podcast_02,podcast,2,T3_sans,/Users/wdanforth/Desktop/thinkingtype/data/rendered/gates/moderation/mod_podcast_02/T3_sans.png,50,1400,376,0.07811550151975684
moderation,mod_podcast_03,podcast,3,T1_serif,/Users/wdanforth/Desktop/thinkingtype/data/rendered/gates/moderation/mod_podcast_03/T1_serif.png,51,1400,440,0.0651590909090909
moderation,mod_podcast_03,podcast,3,T3_sans,/Users/wdanforth/Desktop/thinkingtype/data/rendered/gates/moderation/mod_podcast_03/T3_sans.png,50,1400,435,0.07919047619047619
moderation,mod_podcast_04,podcast,4,T1_serif,/Users/wdanforth/Desktop/thinkingtype/data/rendered/gates/moderation/mod_podcast_04/T1_serif.png,51,1400,380,0.05379511278195489
moderation,mod_podcast_04,podcast,4,T3_sans,/Users/wdanforth/Desktop/thinkingtype/data/rendered/gates/moderation/mod_podcast_04/T3_sans.png,50,1400,376,0.06509878419452887
moderation,mod_podcast_05,podcast,5,T1_serif,/Users/wdanforth/Desktop/thinkingtype/data/rendered/gates/moderation/mod_podcast_05/T1_serif.png,51,1400,380,0.06188157894736842
moderation,mod_podcast_05,podcast,5,T3_sans,/Users/wdanforth/Desktop/thinkingtype/data/rendered/gates/moderation/mod_podcast_05/T3_sans.png,50,1400,376,0.07475113981762918
moderation,mod_garden_01,garden,1,T1_serif,/Users/wdanforth/Desktop/thinkingtype/data/rendered/gates/moderation/mod_garden_01/T1_serif.png,51,1400,380,0.07447744360902256
moderation,mod_garden_01,garden,1,T3_sans,/Users/wdanforth/Desktop/thinkingtype/data/rendered/gates/moderation/mod_garden_01/T3_sans.png,50,1400,435,0.07705418719211822
moderation,mod_garden_02,garden,2,T1_serif,/Users/wdanforth/Desktop/thinkingtype/data/rendered/gates/moderation/mod_garden_02/T1_serif.png,51,1400,380,0.07143796992481204
moderation,mod_garden_02,garden,2,T3_sans,/Users/wdanforth/Desktop/thinkingtype/data/rendered/gates/moderation/mod_garden_02/T3_sans.png,50,1400,435,0.07458128078817734
moderation,mod_garden_03,garden,3,T1_serif,/Users/wdanforth/Desktop/thinkingtype/data/rendered/gates/moderation/mod_garden_03/T1_serif.png,51,1400,380,0.07054699248120301
moderation,mod_garden_03,garden,3,T3_sans,/Users/wdanforth/Desktop/thinkingtype/data/rendered/gates/moderation/mod_garden_03/T3_sans.png,50,1400,435,0.0735632183908046
moderation,mod_garden_04,garden,4,T1_serif,/Users/wdanforth/Desktop/thinkingtype/data/rendered/gates/moderation/mod_garden_04/T1_serif.png,51,1400,380,0.06409398496240601
moderation,mod_garden_04,garden,4,T3_sans,/Users/wdanforth/Desktop/thinkingtype/data/rendered/gates/moderation/mod_garden_04/T3_sans.png,50,1400,376,0.07653495440729484
moderation,mod_garden_05,garden,5,T1_serif,/Users/wdanforth/Desktop/thinkingtype/data/rendered/gates/moderation/mod_garden_05/T1_serif.png,51,1400,380,0.06960714285714285
moderation,mod_garden_05,garden,5,T3_sans,/Users/wdanforth/Desktop/thinkingtype/data/rendered/gates/moderation/mod_garden_05/T3_sans.png,50,1400,376,0.08281155015197568
moderation,mod_kayak_01,kayak,1,T1_serif,/Users/wdanforth/Desktop/thinkingtype/data/rendered/gates/moderation/mod_kayak_01/T1_serif.png,51,1400,440,0.06568506493506493
moderation,mod_kayak_01,kayak,1,T3_sans,/Users/wdanforth/Desktop/thinkingtype/data/rendered/gates/moderation/mod_kayak_01/T3_sans.png,50,1400,435,0.07945648604269294
moderation,mod_kayak_02,kayak,2,T1_serif,/Users/wdanforth/Desktop/thinkingtype/data/rendered/gates/moderation/mod_kayak_02/T1_serif.png,51,1400,380,0.06721616541353384
moderation,mod_kayak_02,kayak,2,T3_sans,/Users/wdanforth/Desktop/thinkingtype/data/rendered/gates/moderation/mod_kayak_02/T3_sans.png,50,1400,376,0.07990121580547112
moderation,mod_kayak_03,kayak,3,T1_serif,/Users/wdanforth/Desktop/thinkingtype/data/rendered/gates/moderation/mod_kayak_03/T1_serif.png,51,1400,380,0.06706203007518798
moderation,mod_kayak_03,kayak,3,T3_sans,/Users/wdanforth/Desktop/thinkingtype/data/rendered/gates/moderation/mod_kayak_03/T3_sans.png,50,1400,376,0.08168123100303952
moderation,mod_kayak_04,kayak,4,T1_serif,/Users/wdanforth/Desktop/thinkingtype/data/rendered/gates/moderation/mod_kayak_04/T1_serif.png,51,1400,380,0.06369360902255639
moderation,mod_kayak_04,kayak,4,T3_sans,/Users/wdanforth/Desktop/thinkingtype/data/rendered/gates/moderation/mod_kayak_04/T3_sans.png,50,1400,376,0.07711436170212765
moderation,mod_kayak_05,kayak,5,T1_serif,/Users/wdanforth/Desktop/thinkingtype/data/rendered/gates/moderation/mod_kayak_05/T1_serif.png,51,1400,380,0.07185902255639098
moderation,mod_kayak_05,kayak,5,T3_sans,/Users/wdanforth/Desktop/thinkingtype/data/rendered/gates/moderation/mod_kayak_05/T3_sans.png,50,1400,435,0.07569950738916256
moderation,mod_thermostat_01,thermostat,1,T1_serif,/Users/wdanforth/Desktop/thinkingtype/data/rendered/gates/moderation/mod_thermostat_01/T1_serif.png,51,1400,380,0.07892481203007519
moderation,mod_thermostat_01,thermostat,1,T3_sans,/Users/wdanforth/Desktop/thinkingtype/data/rendered/gates/moderation/mod_thermostat_01/T3_sans.png,50,1400,435,0.08179474548440066
moderation,mod_thermostat_02,thermostat,2,T1_serif,/Users/wdanforth/Desktop/thinkingtype/data/rendered/gates/moderation/mod_thermostat_02/T1_serif.png,51,1400,380,0.061892857142857145
moderation,mod_thermostat_02,thermostat,2,T3_sans,/Users/wdanforth/Desktop/thinkingtype/data/rendered/gates/moderation/mod_thermostat_02/T3_sans.png,50,1400,376,0.0743218085106383
moderation,mod_thermostat_03,thermostat,3,T1_serif,/Users/wdanforth/Desktop/thinkingtype/data/rendered/gates/moderation/mod_thermostat_03/T1_serif.png,51,1400,380,0.07323496240601504
moderation,mod_thermostat_03,thermostat,3,T3_sans,/Users/wdanforth/Desktop/thinkingtype/data/rendered/gates/moderation/mod_thermostat_03/T3_sans.png,50,1400,376,0.08771656534954407
moderation,mod_thermostat_04,thermostat,4,T1_serif,/Users/wdanforth/Desktop/thinkingtype/data/rendered/gates/moderation/mod_thermostat_04/T1_serif.png,51,1400,380,0.06969924812030075
moderation,mod_thermostat_04,thermostat,4,T3_sans,/Users/wdanforth/Desktop/thinkingtype/data/rendered/gates/moderation/mod_thermostat_04/T3_sans.png,50,1400,376,0.08382028875379939
moderation,mod_thermostat_05,thermostat,5,T1_serif,/Users/wdanforth/Desktop/thinkingtype/data/rendered/gates/moderation/mod_thermostat_05/T1_serif.png,51,1400,380,0.07635526315789473
moderation,mod_thermostat_05,thermostat,5,T3_sans,/Users/wdanforth/Desktop/thinkingtype/data/rendered/gates/moderation/mod_thermostat_05/T3_sans.png,50,1400,435,0.07966338259441708
moderation,mod_printer_01,printer,1,T1_serif,/Users/wdanforth/Desktop/thinkingtype/data/rendered/gates/moderation/mod_printer_01/T1_serif.png,51,1400,380,0.07225187969924812
moderation,mod_printer_01,printer,1,T3_sans,/Users/wdanforth/Desktop/thinkingtype/data/rendered/gates/moderation/mod_printer_01/T3_sans.png,50,1400,376,0.0853533434650456
moderation,mod_printer_02,printer,2,T1_serif,/Users/wdanforth/Desktop/thinkingtype/data/rendered/gates/moderation/mod_printer_02/T1_serif.png,51,1400,380,0.07193233082706767
moderation,mod_printer_02,printer,2,T3_sans,/Users/wdanforth/Desktop/thinkingtype/data/rendered/gates/moderation/mod_printer_02/T3_sans.png,50,1400,376,0.08592325227963526
moderation,mod_printer_03,printer,3,T1_serif,/Users/wdanforth/Desktop/thinkingtype/data/rendered/gates/moderation/mod_printer_03/T1_serif.png,51,1400,380,0.06960526315789474
moderation,mod_printer_03,printer,3,T3_sans,/Users/wdanforth/Desktop/thinkingtype/data/rendered/gates/moderation/mod_printer_03/T3_sans.png,50,1400,376,0.08368731003039513
moderation,mod_printer_04,printer,4,T1_serif,/Users/wdanforth/Desktop/thinkingtype/data/rendered/gates/moderation/mod_printer_04/T1_serif.png,51,1400,380,0.06468609022556392
moderation,mod_printer_04,printer,4,T3_sans,/Users/wdanforth/Desktop/thinkingtype/data/rendered/gates/moderation/mod_printer_04/T3_sans.png,50,1400,376,0.07676861702127659
moderation,mod_printer_05,printer,5,T1_serif,/Users/wdanforth/Desktop/thinkingtype/data/rendered/gates/moderation/mod_printer_05/T1_serif.png,51,1400,380,0.07283834586466166
moderation,mod_printer_05,printer,5,T3_sans,/Users/wdanforth/Desktop/thinkingtype/data/rendered/gates/moderation/mod_printer_05/T3_sans.png,50,1400,376,0.08722644376899696
moderation,mod_comic_01,comic,1,T1_serif,/Users/wdanforth/Desktop/thinkingtype/data/rendered/gates/moderation/mod_comic_01/T1_serif.png,51,1400,440,0.06171590909090909
moderation,mod_comic_01,comic,1,T3_sans,/Users/wdanforth/Desktop/thinkingtype/data/rendered/gates/moderation/mod_comic_01/T3_sans.png,50,1400,435,0.0738768472906404
moderation,mod_comic_02,comic,2,T1_serif,/Users/wdanforth/Desktop/thinkingtype/data/rendered/gates/moderation/mod_comic_02/T1_serif.png,51,1400,380,0.06016353383458647
moderation,mod_comic_02,comic,2,T3_sans,/Users/wdanforth/Desktop/thinkingtype/data/rendered/gates/moderation/mod_comic_02/T3_sans.png,50,1400,376,0.07181231003039514
moderation,mod_comic_03,comic,3,T1_serif,/Users/wdanforth/Desktop/thinkingtype/data/rendered/gates/moderation/mod_comic_03/T1_serif.png,51,1400,380,0.06434962406015038
moderation,mod_comic_03,comic,3,T3_sans,/Users/wdanforth/Desktop/thinkingtype/data/rendered/gates/moderation/mod_comic_03/T3_sans.png,50,1400,376,0.07701557750759878
moderation,mod_comic_04,comic,4,T1_serif,/Users/wdanforth/Desktop/thinkingtype/data/rendered/gates/moderation/mod_comic_04/T1_serif.png,51,1400,380,0.055723684210526314
moderation,mod_comic_04,comic,4,T3_sans,/Users/wdanforth/Desktop/thinkingtype/data/rendered/gates/moderation/mod_comic_04/T3_sans.png,50,1400,376,0.06747530395136778
moderation,mod_comic_05,comic,5,T1_serif,/Users/wdanforth/Desktop/thinkingtype/data/rendered/gates/moderation/mod_comic_05/T1_serif.png,51,1400,440,0.061175324675324674
moderation,mod_comic_05,comic,5,T3_sans,/Users/wdanforth/Desktop/thinkingtype/data/rendered/gates/moderation/mod_comic_05/T3_sans.png,50,1400,435,0.07371592775041051
moderation,mod_vinyl_01,vinyl,1,T1_serif,/Users/wdanforth/Desktop/thinkingtype/data/rendered/gates/moderation/mod_vinyl_01/T1_serif.png,51,1400,440,0.07087662337662337
moderation,mod_vinyl_01,vinyl,1,T3_sans,/Users/wdanforth/Desktop/thinkingtype/data/rendered/gates/moderation/mod_vinyl_01/T3_sans.png,50,1400,435,0.08514942528735632
moderation,mod_vinyl_02,vinyl,2,T1_serif,/Users/wdanforth/Desktop/thinkingtype/data/rendered/gates/moderation/mod_vinyl_02/T1_serif.png,51,1400,380,0.06540413533834587
moderation,mod_vinyl_02,vinyl,2,T3_sans,/Users/wdanforth/Desktop/thinkingtype/data/rendered/gates/moderation/mod_vinyl_02/T3_sans.png,50,1400,376,0.07859802431610942
moderation,mod_vinyl_03,vinyl,3,T1_serif,/Users/wdanforth/Desktop/thinkingtype/data/rendered/gates/moderation/mod_vinyl_03/T1_serif.png,51,1400,440,0.06981493506493507
moderation,mod_vinyl_03,vinyl,3,T3_sans,/Users/wdanforth/Desktop/thinkingtype/data/rendered/gates/moderation/mod_vinyl_03/T3_sans.png,50,1400,435,0.08485878489326765
moderation,mod_vinyl_04,vinyl,4,T1_serif,/Users/wdanforth/Desktop/thinkingtype/data/rendered/gates/moderation/mod_vinyl_04/T1_serif.png,51,1400,380,0.06724060150375939
moderation,mod_vinyl_04,vinyl,4,T3_sans,/Users/wdanforth/Desktop/thinkingtype/data/rendered/gates/moderation/mod_vinyl_04/T3_sans.png,50,1400,376,0.08071048632218845
moderation,mod_vinyl_05,vinyl,5,T1_serif,/Users/wdanforth/Desktop/thinkingtype/data/rendered/gates/moderation/mod_vinyl_05/T1_serif.png,51,1400,380,0.07066165413533834
moderation,mod_vinyl_05,vinyl,5,T3_sans,/Users/wdanforth/Desktop/thinkingtype/data/rendered/gates/moderation/mod_vinyl_05/T3_sans.png,50,1400,376,0.08542743161094225
moderation,mod_skateboard_01,skateboard,1,T1_serif,/Users/wdanforth/Desktop/thinkingtype/data/rendered/gates/moderation/mod_skateboard_01/T1_serif.png,51,1400,380,0.0710375939849624
moderation,mod_skateboard_01,skateboard,1,T3_sans,/Users/wdanforth/Desktop/thinkingtype/data/rendered/gates/moderation/mod_skateboard_01/T3_sans.png,50,1400,376,0.0849829027355623
moderation,mod_skateboard_02,skateboard,2,T1_serif,/Users/wdanforth/Desktop/thinkingtype/data/rendered/gates/moderation/mod_skateboard_02/T1_serif.png,51,1400,380,0.06509962406015038
moderation,mod_skateboard_02,skateboard,2,T3_sans,/Users/wdanforth/Desktop/thinkingtype/data/rendered/gates/moderation/mod_skateboard_02/T3_sans.png,50,1400,376,0.07803381458966566
moderation,mod_skateboard_03,skateboard,3,T1_serif,/Users/wdanforth/Desktop/thinkingtype/data/rendered/gates/moderation/mod_skateboard_03/T1_serif.png,51,1400,380,0.06922556390977444
moderation,mod_skateboard_03,skateboard,3,T3_sans,/Users/wdanforth/Desktop/thinkingtype/data/rendered/gates/moderation/mod_skateboard_03/T3_sans.png,50,1400,376,0.08283434650455927
moderation,mod_skateboard_04,skateboard,4,T1_serif,/Users/wdanforth/Desktop/thinkingtype/data/rendered/gates/moderation/mod_skateboard_04/T1_serif.png,51,1400,380,0.05937218045112782
moderation,mod_skateboard_04,skateboard,4,T3_sans,/Users/wdanforth/Desktop/thinkingtype/data/rendered/gates/moderation/mod_skateboard_04/T3_sans.png,50,1400,376,0.07124050151975683
moderation,mod_skateboard_05,skateboard,5,T1_serif,/Users/wdanforth/Desktop/thinkingtype/data/rendered/gates/moderation/mod_skateboard_05/T1_serif.png,51,1400,380,0.06409586466165414
moderation,mod_skateboard_05,skateboard,5,T3_sans,/Users/wdanforth/Desktop/thinkingtype/data/rendered/gates/moderation/mod_skateboard_05/T3_sans.png,50,1400,376,0.07692059270516717
moderation,mod_treadmill_01,treadmill,1,T1_serif,/Users/wdanforth/Desktop/thinkingtype/data/rendered/gates/moderation/mod_treadmill_01/T1_serif.png,51,1400,380,0.07576879699248121
moderation,mod_treadmill_01,treadmill,1,T3_sans,/Users/wdanforth/Desktop/thinkingtype/data/rendered/gates/moderation/mod_treadmill_01/T3_sans.png,50,1400,435,0.07780952380952381
moderation,mod_treadmill_02,treadmill,2,T1_serif,/Users/wdanforth/Desktop/thinkingtype/data/rendered/gates/moderation/mod_treadmill_02/T1_serif.png,51,1400,380,0.07317481203007518
moderation,mod_treadmill_02,treadmill,2,T3_sans,/Users/wdanforth/Desktop/thinkingtype/data/rendered/gates/moderation/mod_treadmill_02/T3_sans.png,50,1400,376,0.08900645896656535
moderation,mod_treadmill_03,treadmill,3,T1_serif,/Users/wdanforth/Desktop/thinkingtype/data/rendered/gates/moderation/mod_treadmill_03/T1_serif.png,51,1400,380,0.06910338345864661
moderation,mod_treadmill_03,treadmill,3,T3_sans,/Users/wdanforth/Desktop/thinkingtype/data/rendered/gates/moderation/mod_treadmill_03/T3_sans.png,50,1400,376,0.08399886018237082
moderation,mod_treadmill_04,treadmill,4,T1_serif,/Users/wdanforth/Desktop/thinkingtype/data/rendered/gates/moderation/mod_treadmill_04/T1_serif.png,51,1400,380,0.06284022556390978
moderation,mod_treadmill_04,treadmill,4,T3_sans,/Users/wdanforth/Desktop/thinkingtype/data/rendered/gates/moderation/mod_treadmill_04/T3_sans.png,50,1400,376,0.0752887537993921
moderation,mod_treadmill_05,treadmill,5,T1_serif,/Users/wdanforth/Desktop/thinkingtype/data/rendered/gates/moderation/mod_treadmill_05/T1_serif.png,51,1400,380,0.07092857142857142
moderation,mod_treadmill_05,treadmill,5,T3_sans,/Users/wdanforth/Desktop/thinkingtype/data/rendered/gates/moderation/mod_treadmill_05/T3_sans.png,50,1400,376,0.08547112462006079
moderation,mod_soccer_01,soccer,1,T1_serif,/Users/wdanforth/Desktop/thinkingtype/data/rendered/gates/moderation/mod_soccer_01/T1_serif.png,51,1400,380,0.07764097744360902
moderation,mod_soccer_01,soccer,1,T3_sans,/Users/wdanforth/Desktop/thinkingtype/data/rendered/gates/moderation/mod_soccer_01/T3_sans.png,50,1400,435,0.082
moderation,mod_soccer_02,soccer,2,T1_serif,/Users/wdanforth/Desktop/thinkingtype/data/rendered/gates/moderation/mod_soccer_02/T1_serif.png,51,1400,380,0.07160714285714286
moderation,mod_soccer_02,soccer,2,T3_sans,/Users/wdanforth/Desktop/thinkingtype/data/rendered/gates/moderation/mod_soccer_02/T3_sans.png,50,1400,376,0.08657864741641337
moderation,mod_soccer_03,soccer,3,T1_serif,/Users/wdanforth/Desktop/thinkingtype/data/rendered/gates/moderation/mod_soccer_03/T1_serif.png,51,1400,380,0.0750375939849624
moderation,mod_soccer_03,soccer,3,T3_sans,/Users/wdanforth/Desktop/thinkingtype/data/rendered/gates/moderation/mod_soccer_03/T3_sans.png,50,1400,435,0.07944170771756978
moderation,mod_soccer_04,soccer,4,T1_serif,/Users/wdanforth/Desktop/thinkingtype/data/rendered/gates/moderation/mod_soccer_04/T1_serif.png,51,1400,380,0.06774812030075188
moderation,mod_soccer_04,soccer,4,T3_sans,/Users/wdanforth/Desktop/thinkingtype/data/rendered/gates/moderation/mod_soccer_04/T3_sans.png,50,1400,376,0.08314209726443769
moderation,mod_soccer_05,soccer,5,T1_serif,/Users/wdanforth/Desktop/thinkingtype/data/rendered/gates/moderation/mod_soccer_05/T1_serif.png,51,1400,380,0.07576503759398497
moderation,mod_soccer_05,soccer,5,T3_sans,/Users/wdanforth/Desktop/thinkingtype/data/rendered/gates/moderation/mod_soccer_05/T3_sans.png,50,1400,435,0.0795287356321839
moderation,mod_photography_01,photography,1,T1_serif,/Users/wdanforth/Desktop/thinkingtype/data/rendered/gates/moderation/mod_photography_01/T1_serif.png,51,1400,440,0.06681168831168831
moderation,mod_photography_01,photography,1,T3_sans,/Users/wdanforth/Desktop/thinkingtype/data/rendered/gates/moderation/mod_photography_01/T3_sans.png,50,1400,435,0.08184893267651888
moderation,mod_photography_02,photography,2,T1_serif,/Users/wdanforth/Desktop/thinkingtype/data/rendered/gates/moderation/mod_photography_02/T1_serif.png,51,1400,380,0.06705827067669173
moderation,mod_photography_02,photography,2,T3_sans,/Users/wdanforth/Desktop/thinkingtype/data/rendered/gates/moderation/mod_photography_02/T3_sans.png,50,1400,376,0.08043313069908814
moderation,mod_photography_03,photography,3,T1_serif,/Users/wdanforth/Desktop/thinkingtype/data/rendered/gates/moderation/mod_photography_03/T1_serif.png,51,1400,380,0.06786278195488722
moderation,mod_photography_03,photography,3,T3_sans,/Users/wdanforth/Desktop/thinkingtype/data/rendered/gates/moderation/mod_photography_03/T3_sans.png,50,1400,376,0.08194718844984802
moderation,mod_photography_04,photography,4,T1_serif,/Users/wdanforth/Desktop/thinkingtype/data/rendered/gates/moderation/mod_photography_04/T1_serif.png,51,1400,380,0.07204135338345864
moderation,mod_photography_04,photography,4,T3_sans,/Users/wdanforth/Desktop/thinkingtype/data/rendered/gates/moderation/mod_photography_04/T3_sans.png,50,1400,376,0.08667933130699088
moderation,mod_photography_05,photography,5,T1_serif,/Users/wdanforth/Desktop/thinkingtype/data/rendered/gates/moderation/mod_photography_05/T1_serif.png,51,1400,380,0.07153947368421053
moderation,mod_photography_05,photography,5,T3_sans,/Users/wdanforth/Desktop/thinkingtype/data/rendered/gates/moderation/mod_photography_05/T3_sans.png,50,1400,435,0.07510016420361249
moderation,mod_brewing_01,brewing,1,T1_serif,/Users/wdanforth/Desktop/thinkingtype/data/rendered/gates/moderation/mod_brewing_01/T1_serif.png,51,1400,440,0.07358766233766234
moderation,mod_brewing_01,brewing,1,T3_sans,/Users/wdanforth/Desktop/thinkingtype/data/rendered/gates/moderation/mod_brewing_01/T3_sans.png,50,1400,435,0.08875533661740559
moderation,mod_brewing_02,brewing,2,T1_serif,/Users/wdanforth/Desktop/thinkingtype/data/rendered/gates/moderation/mod_brewing_02/T1_serif.png,51,1400,380,0.08087406015037595
moderation,mod_brewing_02,brewing,2,T3_sans,/Users/wdanforth/Desktop/thinkingtype/data/rendered/gates/moderation/mod_brewing_02/T3_sans.png,50,1400,435,0.08476354679802955
moderation,mod_brewing_03,brewing,3,T1_serif,/Users/wdanforth/Desktop/thinkingtype/data/rendered/gates/moderation/mod_brewing_03/T1_serif.png,51,1400,440,0.07392857142857143
moderation,mod_brewing_03,brewing,3,T3_sans,/Users/wdanforth/Desktop/thinkingtype/data/rendered/gates/moderation/mod_brewing_03/T3_sans.png,50,1400,435,0.09031855500821018
moderation,mod_brewing_04,brewing,4,T1_serif,/Users/wdanforth/Desktop/thinkingtype/data/rendered/gates/moderation/mod_brewing_04/T1_serif.png,51,1400,380,0.07130263157894737
moderation,mod_brewing_04,brewing,4,T3_sans,/Users/wdanforth/Desktop/thinkingtype/data/rendered/gates/moderation/mod_brewing_04/T3_sans.png,50,1400,376,0.08595364741641337
moderation,mod_brewing_05,brewing,5,T1_serif,/Users/wdanforth/Desktop/thinkingtype/data/rendered/gates/moderation/mod_brewing_05/T1_serif.png,51,1400,380,0.07461466165413534
moderation,mod_brewing_05,brewing,5,T3_sans,/Users/wdanforth/Desktop/thinkingtype/data/rendered/gates/moderation/mod_brewing_05/T3_sans.png,50,1400,376,0.08948518237082066
moderation,mod_motorcycle_01,motorcycle,1,T1_serif,/Users/wdanforth/Desktop/thinkingtype/data/rendered/gates/moderation/mod_motorcycle_01/T1_serif.png,51,1400,440,0.06875162337662338
moderation,mod_motorcycle_01,motorcycle,1,T3_sans,/Users/wdanforth/Desktop/thinkingtype/data/rendered/gates/moderation/mod_motorcycle_01/T3_sans.png,50,1400,435,0.08323645320197044
moderation,mod_motorcycle_02,motorcycle,2,T1_serif,/Users/wdanforth/Desktop/thinkingtype/data/rendered/gates/moderation/mod_motorcycle_02/T1_serif.png,51,1400,380,0.0706390977443609
moderation,mod_motorcycle_02,motorcycle,2,T3_sans,/Users/wdanforth/Desktop/thinkingtype/data/rendered/gates/moderation/mod_motorcycle_02/T3_sans.png,50,1400,376,0.0846523556231003
moderation,mod_motorcycle_03,motorcycle,3,T1_serif,/Users/wdanforth/Desktop/thinkingtype/data/rendered/gates/moderation/mod_motorcycle_03/T1_serif.png,51,1400,380,0.07279699248120301
moderation,mod_motorcycle_03,motorcycle,3,T3_sans,/Users/wdanforth/Desktop/thinkingtype/data/rendered/gates/moderation/mod_motorcycle_03/T3_sans.png,50,1400,376,0.08794072948328267
moderation,mod_motorcycle_04,motorcycle,4,T1_serif,/Users/wdanforth/Desktop/thinkingtype/data/rendered/gates/moderation/mod_motorcycle_04/T1_serif.png,51,1400,380,0.06213721804511278
moderation,mod_motorcycle_04,motorcycle,4,T3_sans,/Users/wdanforth/Desktop/thinkingtype/data/rendered/gates/moderation/mod_motorcycle_04/T3_sans.png,50,1400,376,0.07468275075987842
moderation,mod_motorcycle_05,motorcycle,5,T1_serif,/Users/wdanforth/Desktop/thinkingtype/data/rendered/gates/moderation/mod_motorcycle_05/T1_serif.png,51,1400,440,0.06707792207792208
moderation,mod_motorcycle_05,motorcycle,5,T3_sans,/Users/wdanforth/Desktop/thinkingtype/data/rendered/gates/moderation/mod_motorcycle_05/T3_sans.png,50,1400,435,0.08111822660098522
moderation,mod_trivia_01,trivia,1,T1_serif,/Users/wdanforth/Desktop/thinkingtype/data/rendered/gates/moderation/mod_trivia_01/T1_serif.png,51,1400,440,0.06242694805194805
moderation,mod_trivia_01,trivia,1,T3_sans,/Users/wdanforth/Desktop/thinkingtype/data/rendered/gates/moderation/mod_trivia_01/T3_sans.png,50,1400,435,0.07490311986863711
moderation,mod_trivia_02,trivia,2,T1_serif,/Users/wdanforth/Desktop/thinkingtype/data/rendered/gates/moderation/mod_trivia_02/T1_serif.png,51,1400,380,0.06475751879699249
moderation,mod_trivia_02,trivia,2,T3_sans,/Users/wdanforth/Desktop/thinkingtype/data/rendered/gates/moderation/mod_trivia_02/T3_sans.png,50,1400,376,0.07626899696048632
moderation,mod_trivia_03,trivia,3,T1_serif,/Users/wdanforth/Desktop/thinkingtype/data/rendered/gates/moderation/mod_trivia_03/T1_serif.png,51,1400,380,0.06459962406015038
moderation,mod_trivia_03,trivia,3,T3_sans,/Users/wdanforth/Desktop/thinkingtype/data/rendered/gates/moderation/mod_trivia_03/T3_sans.png,50,1400,376,0.07778685410334346
moderation,mod_trivia_04,trivia,4,T1_serif,/Users/wdanforth/Desktop/thinkingtype/data/rendered/gates/moderation/mod_trivia_04/T1_serif.png,51,1400,380,0.06712593984962406
moderation,mod_trivia_04,trivia,4,T3_sans,/Users/wdanforth/Desktop/thinkingtype/data/rendered/gates/moderation/mod_trivia_04/T3_sans.png,50,1400,435,0.0691592775041051
moderation,mod_trivia_05,trivia,5,T1_serif,/Users/wdanforth/Desktop/thinkingtype/data/rendered/gates/moderation/mod_trivia_05/T1_serif.png,51,1400,440,0.061931818181818185
moderation,mod_trivia_05,trivia,5,T3_sans,/Users/wdanforth/Desktop/thinkingtype/data/rendered/gates/moderation/mod_trivia_05/T3_sans.png,50,1400,435,0.07419211822660099
moderation,mod_subway_01,subway,1,T1_serif,/Users/wdanforth/Desktop/thinkingtype/data/rendered/gates/moderation/mod_subway_01/T1_serif.png,51,1400,380,0.0751109022556391
moderation,mod_subway_01,subway,1,T3_sans,/Users/wdanforth/Desktop/thinkingtype/data/rendered/gates/moderation/mod_subway_01/T3_sans.png,50,1400,435,0.078064039408867
moderation,mod_subway_02,subway,2,T1_serif,/Users/wdanforth/Desktop/thinkingtype/data/rendered/gates/moderation/mod_subway_02/T1_serif.png,51,1400,380,0.06886466165413534
moderation,mod_subway_02,subway,2,T3_sans,/Users/wdanforth/Desktop/thinkingtype/data/rendered/gates/moderation/mod_subway_02/T3_sans.png,50,1400,376,0.08195478723404255
moderation,mod_subway_03,subway,3,T1_serif,/Users/wdanforth/Desktop/thinkingtype/data/rendered/gates/moderation/mod_subway_03/T1_serif.png,51,1400,440,0.07005357142857142
moderation,mod_subway_03,subway,3,T3_sans,/Users/wdanforth/Desktop/thinkingtype/data/rendered/gates/moderation/mod_subway_03/T3_sans.png,50,1400,435,0.08464860426929392
moderation,mod_subway_04,subway,4,T1_serif,/Users/wdanforth/Desktop/thinkingtype/data/rendered/gates/moderation/mod_subway_04/T1_serif.png,51,1400,380,0.06387781954887219
moderation,mod_subway_04,subway,4,T3_sans,/Users/wdanforth/Desktop/thinkingtype/data/rendered/gates/moderation/mod_subway_04/T3_sans.png,50,1400,376,0.07655395136778116
moderation,mod_subway_05,subway,5,T1_serif,/Users/wdanforth/Desktop/thinkingtype/data/rendered/gates/moderation/mod_subway_05/T1_serif.png,51,1400,380,0.07444172932330827
moderation,mod_subway_05,subway,5,T3_sans,/Users/wdanforth/Desktop/thinkingtype/data/rendered/gates/moderation/mod_subway_05/T3_sans.png,50,1400,435,0.0772512315270936
moderation,mod_yoga_01,yoga,1,T1_serif,/Users/wdanforth/Desktop/thinkingtype/data/rendered/gates/moderation/mod_yoga_01/T1_serif.png,51,1400,380,0.07601879699248121
moderation,mod_yoga_01,yoga,1,T3_sans,/Users/wdanforth/Desktop/thinkingtype/data/rendered/gates/moderation/mod_yoga_01/T3_sans.png,50,1400,435,0.07839080459770115
moderation,mod_yoga_02,yoga,2,T1_serif,/Users/wdanforth/Desktop/thinkingtype/data/rendered/gates/moderation/mod_yoga_02/T1_serif.png,51,1400,380,0.07072556390977444
moderation,mod_yoga_02,yoga,2,T3_sans,/Users/wdanforth/Desktop/thinkingtype/data/rendered/gates/moderation/mod_yoga_02/T3_sans.png,50,1400,376,0.08534384498480244
moderation,mod_yoga_03,yoga,3,T1_serif,/Users/wdanforth/Desktop/thinkingtype/data/rendered/gates/moderation/mod_yoga_03/T1_serif.png,51,1400,380,0.06825375939849625
moderation,mod_yoga_03,yoga,3,T3_sans,/Users/wdanforth/Desktop/thinkingtype/data/rendered/gates/moderation/mod_yoga_03/T3_sans.png,50,1400,376,0.08231572948328267
moderation,mod_yoga_04,yoga,4,T1_serif,/Users/wdanforth/Desktop/thinkingtype/data/rendered/gates/moderation/mod_yoga_04/T1_serif.png,51,1400,380,0.06494360902255639
moderation,mod_yoga_04,yoga,4,T3_sans,/Users/wdanforth/Desktop/thinkingtype/data/rendered/gates/moderation/mod_yoga_04/T3_sans.png,50,1400,376,0.07811170212765957
moderation,mod_yoga_05,yoga,5,T1_serif,/Users/wdanforth/Desktop/thinkingtype/data/rendered/gates/moderation/mod_yoga_05/T1_serif.png,51,1400,380,0.07137406015037594
moderation,mod_yoga_05,yoga,5,T3_sans,/Users/wdanforth/Desktop/thinkingtype/data/rendered/gates/moderation/mod_yoga_05/T3_sans.png,50,1400,376,0.08567059270516718
moderation,mod_router_01,router,1,T1_serif,/Users/wdanforth/Desktop/thinkingtype/data/rendered/gates/moderation/mod_router_01/T1_serif.png,51,1400,440,0.06725162337662338
moderation,mod_router_01,router,1,T3_sans,/Users/wdanforth/Desktop/thinkingtype/data/rendered/gates/moderation/mod_router_01/T3_sans.png,50,1400,435,0.08219376026272578
moderation,mod_router_02,router,2,T1_serif,/Users/wdanforth/Desktop/thinkingtype/data/rendered/gates/moderation/mod_router_02/T1_serif.png,51,1400,380,0.058043233082706765
moderation,mod_router_02,router,2,T3_sans,/Users/wdanforth/Desktop/thinkingtype/data/rendered/gates/moderation/mod_router_02/T3_sans.png,50,1400,376,0.07037803951367781
moderation,mod_router_03,router,3,T1_serif,/Users/wdanforth/Desktop/thinkingtype/data/rendered/gates/moderation/mod_router_03/T1_serif.png,51,1400,380,0.06515225563909774
moderation,mod_router_03,router,3,T3_sans,/Users/wdanforth/Desktop/thinkingtype/data/rendered/gates/moderation/mod_router_03/T3_sans.png,50,1400,376,0.07806990881458967
moderation,mod_router_04,router,4,T1_serif,/Users/wdanforth/Desktop/thinkingtype/data/rendered/gates/moderation/mod_router_04/T1_serif.png,51,1400,380,0.06581578947368422
moderation,mod_router_04,router,4,T3_sans,/Users/wdanforth/Desktop/thinkingtype/data/rendered/gates/moderation/mod_router_04/T3_sans.png,50,1400,376,0.08000379939209726
moderation,mod_router_05,router,5,T1_serif,/Users/wdanforth/Desktop/thinkingtype/data/rendered/gates/moderation/mod_router_05/T1_serif.png,51,1400,380,0.06755263157894736
moderation,mod_router_05,router,5,T3_sans,/Users/wdanforth/Desktop/thinkingtype/data/rendered/gates/moderation/mod_router_05/T3_sans.png,50,1400,376,0.08203647416413373
resume,res_mkt_01,mkt,1,T1_serif,/Users/wdanforth/Desktop/thinkingtype/data/rendered/gates/resume/res_mkt_01/T1_serif.png,51,1400,560,0.07896301020408163
resume,res_mkt_01,mkt,1,T3_sans,/Users/wdanforth/Desktop/thinkingtype/data/rendered/gates/resume/res_mkt_01/T3_sans.png,50,1400,612,0.08554971988795518
resume,res_mkt_02,mkt,2,T1_serif,/Users/wdanforth/Desktop/thinkingtype/data/rendered/gates/resume/res_mkt_02/T1_serif.png,51,1400,620,0.07586405529953917
resume,res_mkt_02,mkt,2,T3_sans,/Users/wdanforth/Desktop/thinkingtype/data/rendered/gates/resume/res_mkt_02/T3_sans.png,50,1400,612,0.091937441643324
resume,res_mkt_03,mkt,3,T1_serif,/Users/wdanforth/Desktop/thinkingtype/data/rendered/gates/resume/res_mkt_03/T1_serif.png,51,1400,680,0.0791186974789916
resume,res_mkt_03,mkt,3,T3_sans,/Users/wdanforth/Desktop/thinkingtype/data/rendered/gates/resume/res_mkt_03/T3_sans.png,50,1400,730,0.0873894324853229
resume,res_mkt_04,mkt,4,T1_serif,/Users/wdanforth/Desktop/thinkingtype/data/rendered/gates/resume/res_mkt_04/T1_serif.png,51,1400,620,0.08164861751152074
resume,res_mkt_04,mkt,4,T3_sans,/Users/wdanforth/Desktop/thinkingtype/data/rendered/gates/resume/res_mkt_04/T3_sans.png,50,1400,612,0.09878267973856208
resume,res_mkt_05,mkt,5,T1_serif,/Users/wdanforth/Desktop/thinkingtype/data/rendered/gates/resume/res_mkt_05/T1_serif.png,51,1400,620,0.08633986175115207
resume,res_mkt_05,mkt,5,T3_sans,/Users/wdanforth/Desktop/thinkingtype/data/rendered/gates/resume/res_mkt_05/T3_sans.png,50,1400,671,0.09454545454545454
resume,res_mkt_06,mkt,6,T1_serif,/Users/wdanforth/Desktop/thinkingtype/data/rendered/gates/resume/res_mkt_06/T1_serif.png,51,1400,560,0.08857270408163265
resume,res_mkt_06,mkt,6,T3_sans,/Users/wdanforth/Desktop/thinkingtype/data/rendered/gates/resume/res_mkt_06/T3_sans.png,50,1400,671,0.08801469022780498
resume,res_mkt_07,mkt,7,T1_serif,/Users/wdanforth/Desktop/thinkingtype/data/rendered/gates/resume/res_mkt_07/T1_serif.png,51,1400,620,0.08015207373271889
resume,res_mkt_07,mkt,7,T3_sans,/Users/wdanforth/Desktop/thinkingtype/data/rendered/gates/resume/res_mkt_07/T3_sans.png,50,1400,612,0.09629201680672268
resume,res_mkt_08,mkt,8,T1_serif,/Users/wdanforth/Desktop/thinkingtype/data/rendered/gates/resume/res_mkt_08/T1_serif.png,51,1400,680,0.07799054621848739
resume,res_mkt_08,mkt,8,T3_sans,/Users/wdanforth/Desktop/thinkingtype/data/rendered/gates/resume/res_mkt_08/T3_sans.png,50,1400,671,0.0944251649989355
resume,res_mkt_09,mkt,9,T1_serif,/Users/wdanforth/Desktop/thinkingtype/data/rendered/gates/resume/res_mkt_09/T1_serif.png,51,1400,620,0.08777649769585254
resume,res_mkt_09,mkt,9,T3_sans,/Users/wdanforth/Desktop/thinkingtype/data/rendered/gates/resume/res_mkt_09/T3_sans.png,50,1400,612,0.1059045284780579
resume,res_mkt_10,mkt,10,T1_serif,/Users/wdanforth/Desktop/thinkingtype/data/rendered/gates/resume/res_mkt_10/T1_serif.png,51,1400,740,0.08371911196911197
resume,res_mkt_10,mkt,10,T3_sans,/Users/wdanforth/Desktop/thinkingtype/data/rendered/gates/resume/res_mkt_10/T3_sans.png,50,1400,730,0.10128767123287671
resume,res_mkt_11,mkt,11,T1_serif,/Users/wdanforth/Desktop/thinkingtype/data/rendered/gates/resume/res_mkt_11/T1_serif.png,51,1400,740,0.07587741312741313
resume,res_mkt_11,mkt,11,T3_sans,/Users/wdanforth/Desktop/thinkingtype/data/rendered/gates/resume/res_mkt_11/T3_sans.png,50,1400,730,0.09183855185909981
resume,res_mkt_12,mkt,12,T1_serif,/Users/wdanforth/Desktop/thinkingtype/data/rendered/gates/resume/res_mkt_12/T1_serif.png,51,1400,800,0.08593035714285714
resume,res_mkt_12,mkt,12,T3_sans,/Users/wdanforth/Desktop/thinkingtype/data/rendered/gates/resume/res_mkt_12/T3_sans.png,50,1400,789,0.10448397609994568
resume,res_data_01,data,1,T1_serif,/Users/wdanforth/Desktop/thinkingtype/data/rendered/gates/resume/res_data_01/T1_serif.png,51,1400,560,0.07280484693877551
resume,res_data_01,data,1,T3_sans,/Users/wdanforth/Desktop/thinkingtype/data/rendered/gates/resume/res_data_01/T3_sans.png,50,1400,612,0.0787686741363212
resume,res_data_02,data,2,T1_serif,/Users/wdanforth/Desktop/thinkingtype/data/rendered/gates/resume/res_data_02/T1_serif.png,51,1400,560,0.07239158163265307
resume,res_data_02,data,2,T3_sans,/Users/wdanforth/Desktop/thinkingtype/data/rendered/gates/resume/res_data_02/T3_sans.png,50,1400,553,0.08751743735468871
resume,res_data_03,data,3,T1_serif,/Users/wdanforth/Desktop/thinkingtype/data/rendered/gates/resume/res_data_03/T1_serif.png,51,1400,620,0.07602649769585254
resume,res_data_03,data,3,T3_sans,/Users/wdanforth/Desktop/thinkingtype/data/rendered/gates/resume/res_data_03/T3_sans.png,50,1400,671,0.08333936555248031
resume,res_data_04,data,4,T1_serif,/Users/wdanforth/Desktop/thinkingtype/data/rendered/gates/resume/res_data_04/T1_serif.png,51,1400,560,0.07702933673469388
resume,res_data_04,data,4,T3_sans,/Users/wdanforth/Desktop/thinkingtype/data/rendered/gates/resume/res_data_04/T3_sans.png,50,1400,612,0.08474906629318393
resume,res_data_05,data,5,T1_serif,/Users/wdanforth/Desktop/thinkingtype/data/rendered/gates/resume/res_data_05/T1_serif.png,51,1400,620,0.07686635944700461
resume,res_data_05,data,5,T3_sans,/Users/wdanforth/Desktop/thinkingtype/data/rendered/gates/resume/res_data_05/T3_sans.png,50,1400,671,0.0845230998509687
resume,res_data_06,data,6,T1_serif,/Users/wdanforth/Desktop/thinkingtype/data/rendered/gates/resume/res_data_06/T1_serif.png,51,1400,560,0.07932780612244898
resume,res_data_06,data,6,T3_sans,/Users/wdanforth/Desktop/thinkingtype/data/rendered/gates/resume/res_data_06/T3_sans.png,50,1400,671,0.07895465190547157
resume,res_data_07,data,7,T1_serif,/Users/wdanforth/Desktop/thinkingtype/data/rendered/gates/resume/res_data_07/T1_serif.png,51,1400,500,0.08416571428571429
resume,res_data_07,data,7,T3_sans,/Users/wdanforth/Desktop/thinkingtype/data/rendered/gates/resume/res_data_07/T3_sans.png,50,1400,553,0.09095195040041333
resume,res_data_08,data,8,T1_serif,/Users/wdanforth/Desktop/thinkingtype/data/rendered/gates/resume/res_data_08/T1_serif.png,51,1400,620,0.07169815668202766
resume,res_data_08,data,8,T3_sans,/Users/wdanforth/Desktop/thinkingtype/data/rendered/gates/resume/res_data_08/T3_sans.png,50,1400,612,0.08695028011204482
resume,res_data_09,data,9,T1_serif,/Users/wdanforth/Desktop/thinkingtype/data/rendered/gates/resume/res_data_09/T1_serif.png,51,1400,620,0.07373387096774194
resume,res_data_09,data,9,T3_sans,/Users/wdanforth/Desktop/thinkingtype/data/rendered/gates/resume/res_data_09/T3_sans.png,50,1400,612,0.08925186741363211
resume,res_data_10,data,10,T1_serif,/Users/wdanforth/Desktop/thinkingtype/data/rendered/gates/resume/res_data_10/T1_serif.png,51,1400,680,0.07709138655462185
resume,res_data_10,data,10,T3_sans,/Users/wdanforth/Desktop/thinkingtype/data/rendered/gates/resume/res_data_10/T3_sans.png,50,1400,671,0.09397487758143495
resume,res_data_11,data,11,T1_serif,/Users/wdanforth/Desktop/thinkingtype/data/rendered/gates/resume/res_data_11/T1_serif.png,51,1400,620,0.07629608294930876
resume,res_data_11,data,11,T3_sans,/Users/wdanforth/Desktop/thinkingtype/data/rendered/gates/resume/res_data_11/T3_sans.png,50,1400,612,0.0930578898225957
resume,res_data_12,data,12,T1_serif,/Users/wdanforth/Desktop/thinkingtype/data/rendered/gates/resume/res_data_12/T1_serif.png,51,1400,740,0.07983108108108108
resume,res_data_12,data,12,T3_sans,/Users/wdanforth/Desktop/thinkingtype/data/rendered/gates/resume/res_data_12/T3_sans.png,50,1400,730,0.09815851272015656
resume,res_sup_01,sup,1,T1_serif,/Users/wdanforth/Desktop/thinkingtype/data/rendered/gates/resume/res_sup_01/T1_serif.png,51,1400,560,0.07759183673469387
resume,res_sup_01,sup,1,T3_sans,/Users/wdanforth/Desktop/thinkingtype/data/rendered/gates/resume/res_sup_01/T3_sans.png,50,1400,612,0.08448179271708683
resume,res_sup_02,sup,2,T1_serif,/Users/wdanforth/Desktop/thinkingtype/data/rendered/gates/resume/res_sup_02/T1_serif.png,51,1400,620,0.07356912442396313
resume,res_sup_02,sup,2,T3_sans,/Users/wdanforth/Desktop/thinkingtype/data/rendered/gates/resume/res_sup_02/T3_sans.png,50,1400,612,0.08955532212885155
resume,res_sup_03,sup,3,T1_serif,/Users/wdanforth/Desktop/thinkingtype/data/rendered/gates/resume/res_sup_03/T1_serif.png,51,1400,680,0.07812079831932774
resume,res_sup_03,sup,3,T3_sans,/Users/wdanforth/Desktop/thinkingtype/data/rendered/gates/resume/res_sup_03/T3_sans.png,50,1400,730,0.08701174168297456
resume,res_sup_04,sup,4,T1_serif,/Users/wdanforth/Desktop/thinkingtype/data/rendered/gates/resume/res_sup_04/T1_serif.png,51,1400,620,0.07834907834101383
resume,res_sup_04,sup,4,T3_sans,/Users/wdanforth/Desktop/thinkingtype/data/rendered/gates/resume/res_sup_04/T3_sans.png,50,1400,612,0.09569677871148459
resume,res_sup_05,sup,5,T1_serif,/Users/wdanforth/Desktop/thinkingtype/data/rendered/gates/resume/res_sup_05/T1_serif.png,51,1400,620,0.08605069124423963
resume,res_sup_05,sup,5,T3_sans,/Users/wdanforth/Desktop/thinkingtype/data/rendered/gates/resume/res_sup_05/T3_sans.png,50,1400,730,0.08755772994129159
resume,res_sup_06,sup,6,T1_serif,/Users/wdanforth/Desktop/thinkingtype/data/rendered/gates/resume/res_sup_06/T1_serif.png,51,1400,560,0.08896683673469388
resume,res_sup_06,sup,6,T3_sans,/Users/wdanforth/Desktop/thinkingtype/data/rendered/gates/resume/res_sup_06/T3_sans.png,50,1400,671,0.08914839259101554
resume,res_sup_07,sup,7,T1_serif,/Users/wdanforth/Desktop/thinkingtype/data/rendered/gates/resume/res_sup_07/T1_serif.png,51,1400,560,0.08663265306122449
resume,res_sup_07,sup,7,T3_sans,/Users/wdanforth/Desktop/thinkingtype/data/rendered/gates/resume/res_sup_07/T3_sans.png,50,1400,612,0.09494747899159664
resume,res_sup_08,sup,8,T1_serif,/Users/wdanforth/Desktop/thinkingtype/data/rendered/gates/resume/res_sup_08/T1_serif.png,51,1400,620,0.08493663594470047
resume,res_sup_08,sup,8,T3_sans,/Users/wdanforth/Desktop/thinkingtype/data/rendered/gates/resume/res_sup_08/T3_sans.png,50,1400,671,0.09446242282307855
resume,res_sup_09,sup,9,T1_serif,/Users/wdanforth/Desktop/thinkingtype/data/rendered/gates/resume/res_sup_09/T1_serif.png,51,1400,620,0.08857142857142856
resume,res_sup_09,sup,9,T3_sans,/Users/wdanforth/Desktop/thinkingtype/data/rendered/gates/resume/res_sup_09/T3_sans.png,50,1400,612,0.10768674136321195
resume,res_sup_10,sup,10,T1_serif,/Users/wdanforth/Desktop/thinkingtype/data/rendered/gates/resume/res_sup_10/T1_serif.png,51,1400,680,0.09251575630252101
resume,res_sup_10,sup,10,T3_sans,/Users/wdanforth/Desktop/thinkingtype/data/rendered/gates/resume/res_sup_10/T3_sans.png,50,1400,730,0.103853228962818
resume,res_sup_11,sup,11,T1_serif,/Users/wdanforth/Desktop/thinkingtype/data/rendered/gates/resume/res_sup_11/T1_serif.png,51,1400,680,0.08355462184873949
resume,res_sup_11,sup,11,T3_sans,/Users/wdanforth/Desktop/thinkingtype/data/rendered/gates/resume/res_sup_11/T3_sans.png,50,1400,730,0.0935146771037182
resume,res_sup_12,sup,12,T1_serif,/Users/wdanforth/Desktop/thinkingtype/data/rendered/gates/resume/res_sup_12/T1_serif.png,51,1400,800,0.08734732142857143
resume,res_sup_12,sup,12,T3_sans,/Users/wdanforth/Desktop/thinkingtype/data/rendered/gates/resume/res_sup_12/T3_sans.png,50,1400,789,0.10702607278652906
resume,res_wh_01,wh,1,T1_serif,/Users/wdanforth/Desktop/thinkingtype/data/rendered/gates/resume/res_wh_01/T1_serif.png,51,1400,560,0.08446683673469388
resume,res_wh_01,wh,1,T3_sans,/Users/wdanforth/Desktop/thinkingtype/data/rendered/gates/resume/res_wh_01/T3_sans.png,50,1400,671,0.08440600383223335
resume,res_wh_02,wh,2,T1_serif,/Users/wdanforth/Desktop/thinkingtype/data/rendered/gates/resume/res_wh_02/T1_serif.png,51,1400,620,0.0789089861751152
resume,res_wh_02,wh,2,T3_sans,/Users/wdanforth/Desktop/thinkingtype/data/rendered/gates/resume/res_wh_02/T3_sans.png,50,1400,612,0.09635387488328664
resume,res_wh_03,wh,3,T1_serif,/Users/wdanforth/Desktop/thinkingtype/data/rendered/gates/resume/res_wh_03/T1_serif.png,51,1400,740,0.07617277992277992
resume,res_wh_03,wh,3,T3_sans,/Users/wdanforth/Desktop/thinkingtype/data/rendered/gates/resume/res_wh_03/T3_sans.png,50,1400,730,0.092146771037182
resume,res_wh_04,wh,4,T1_serif,/Users/wdanforth/Desktop/thinkingtype/data/rendered/gates/resume/res_wh_04/T1_serif.png,51,1400,620,0.08533870967741936
resume,res_wh_04,wh,4,T3_sans,/Users/wdanforth/Desktop/thinkingtype/data/rendered/gates/resume/res_wh_04/T3_sans.png,50,1400,612,0.10442927170868348
resume,res_wh_05,wh,5,T1_serif,/Users/wdanforth/Desktop/thinkingtype/data/rendered/gates/resume/res_wh_05/T1_serif.png,51,1400,680,0.08371848739495798
resume,res_wh_05,wh,5,T3_sans,/Users/wdanforth/Desktop/thinkingtype/data/rendered/gates/resume/res_wh_05/T3_sans.png,50,1400,671,0.10111667021503087
resume,res_wh_06,wh,6,T1_serif,/Users/wdanforth/Desktop/thinkingtype/data/rendered/gates/resume/res_wh_06/T1_serif.png,51,1400,620,0.08538479262672811
resume,res_wh_06,wh,6,T3_sans,/Users/wdanforth/Desktop/thinkingtype/data/rendered/gates/resume/res_wh_06/T3_sans.png,50,1400,671,0.09465616350862252
resume,res_wh_07,wh,7,T1_serif,/Users/wdanforth/Desktop/thinkingtype/data/rendered/gates/resume/res_wh_07/T1_serif.png,51,1400,620,0.0833110599078341
resume,res_wh_07,wh,7,T3_sans,/Users/wdanforth/Desktop/thinkingtype/data/rendered/gates/resume/res_wh_07/T3_sans.png,50,1400,612,0.10136904761904762
resume,res_wh_08,wh,8,T1_serif,/Users/wdanforth/Desktop/thinkingtype/data/rendered/gates/resume/res_wh_08/T1_serif.png,51,1400,680,0.08220798319327731
resume,res_wh_08,wh,8,T3_sans,/Users/wdanforth/Desktop/thinkingtype/data/rendered/gates/resume/res_wh_08/T3_sans.png,50,1400,730,0.09245499021526418
resume,res_wh_09,wh,9,T1_serif,/Users/wdanforth/Desktop/thinkingtype/data/rendered/gates/resume/res_wh_09/T1_serif.png,51,1400,620,0.09187096774193548
resume,res_wh_09,wh,9,T3_sans,/Users/wdanforth/Desktop/thinkingtype/data/rendered/gates/resume/res_wh_09/T3_sans.png,50,1400,671,0.10223227592080052
resume,res_wh_10,wh,10,T1_serif,/Users/wdanforth/Desktop/thinkingtype/data/rendered/gates/resume/res_wh_10/T1_serif.png,51,1400,740,0.08678571428571429
resume,res_wh_10,wh,10,T3_sans,/Users/wdanforth/Desktop/thinkingtype/data/rendered/gates/resume/res_wh_10/T3_sans.png,50,1400,789,0.09800832880680789
resume,res_wh_11,wh,11,T1_serif,/Users/wdanforth/Desktop/thinkingtype/data/rendered/gates/resume/res_wh_11/T1_serif.png,51,1400,740,0.08119594594594595
resume,res_wh_11,wh,11,T3_sans,/Users/wdanforth/Desktop/thinkingtype/data/rendered/gates/resume/res_wh_11/T3_sans.png,50,1400,730,0.09922407045009785
resume,res_wh_12,wh,12,T1_serif,/Users/wdanforth/Desktop/thinkingtype/data/rendered/gates/resume/res_wh_12/T1_serif.png,51,1400,800,0.09051339285714285
resume,res_wh_12,wh,12,T3_sans,/Users/wdanforth/Desktop/thinkingtype/data/rendered/gates/resume/res_wh_12/T3_sans.png,50,1400,789,0.11081567988412094
resume,res_acct_01,acct,1,T1_serif,/Users/wdanforth/Desktop/thinkingtype/data/rendered/gates/resume/res_acct_01/T1_serif.png,51,1400,560,0.07500892857142857
resume,res_acct_01,acct,1,T3_sans,/Users/wdanforth/Desktop/thinkingtype/data/rendered/gates/resume/res_acct_01/T3_sans.png,50,1400,612,0.0815266106442577
resume,res_acct_02,acct,2,T1_serif,/Users/wdanforth/Desktop/thinkingtype/data/rendered/gates/resume/res_acct_02/T1_serif.png,51,1400,620,0.0740852534562212
resume,res_acct_02,acct,2,T3_sans,/Users/wdanforth/Desktop/thinkingtype/data/rendered/gates/resume/res_acct_02/T3_sans.png,50,1400,612,0.09067693744164332
resume,res_acct_03,acct,3,T1_serif,/Users/wdanforth/Desktop/thinkingtype/data/rendered/gates/resume/res_acct_03/T1_serif.png,51,1400,680,0.07685399159663865
resume,res_acct_03,acct,3,T3_sans,/Users/wdanforth/Desktop/thinkingtype/data/rendered/gates/resume/res_acct_03/T3_sans.png,50,1400,671,0.0930743027464339
resume,res_acct_04,acct,4,T1_serif,/Users/wdanforth/Desktop/thinkingtype/data/rendered/gates/resume/res_acct_04/T1_serif.png,51,1400,620,0.07876036866359447
resume,res_acct_04,acct,4,T3_sans,/Users/wdanforth/Desktop/thinkingtype/data/rendered/gates/resume/res_acct_04/T3_sans.png,50,1400,612,0.09650793650793651
resume,res_acct_05,acct,5,T1_serif,/Users/wdanforth/Desktop/thinkingtype/data/rendered/gates/resume/res_acct_05/T1_serif.png,51,1400,620,0.08474539170506913
resume,res_acct_05,acct,5,T3_sans,/Users/wdanforth/Desktop/thinkingtype/data/rendered/gates/resume/res_acct_05/T3_sans.png,50,1400,612,0.10269724556489263
resume,res_acct_06,acct,6,T1_serif,/Users/wdanforth/Desktop/thinkingtype/data/rendered/gates/resume/res_acct_06/T1_serif.png,51,1400,560,0.08749107142857143
resume,res_acct_06,acct,6,T3_sans,/Users/wdanforth/Desktop/thinkingtype/data/rendered/gates/resume/res_acct_06/T3_sans.png,50,1400,612,0.0964344070961718
resume,res_acct_07,acct,7,T1_serif,/Users/wdanforth/Desktop/thinkingtype/data/rendered/gates/resume/res_acct_07/T1_serif.png,51,1400,560,0.08561352040816327
resume,res_acct_07,acct,7,T3_sans,/Users/wdanforth/Desktop/thinkingtype/data/rendered/gates/resume/res_acct_07/T3_sans.png,50,1400,612,0.09419701213818861
resume,res_acct_08,acct,8,T1_serif,/Users/wdanforth/Desktop/thinkingtype/data/rendered/gates/resume/res_acct_08/T1_serif.png,51,1400,620,0.08441129032258064
resume,res_acct_08,acct,8,T3_sans,/Users/wdanforth/Desktop/thinkingtype/data/rendered/gates/resume/res_acct_08/T3_sans.png,50,1400,730,0.08655283757338551
resume,res_acct_09,acct,9,T1_serif,/Users/wdanforth/Desktop/thinkingtype/data/rendered/gates/resume/res_acct_09/T1_serif.png,51,1400,620,0.08671428571428572
resume,res_acct_09,acct,9,T3_sans,/Users/wdanforth/Desktop/thinkingtype/data/rendered/gates/resume/res_acct_09/T3_sans.png,50,1400,671,0.09649457100276772
resume,res_acct_10,acct,10,T1_serif,/Users/wdanforth/Desktop/thinkingtype/data/rendered/gates/resume/res_acct_10/T1_serif.png,51,1400,680,0.08963340336134454
resume,res_acct_10,acct,10,T3_sans,/Users/wdanforth/Desktop/thinkingtype/data/rendered/gates/resume/res_acct_10/T3_sans.png,50,1400,789,0.09307351077313054
resume,res_acct_11,acct,11,T1_serif,/Users/wdanforth/Desktop/thinkingtype/data/rendered/gates/resume/res_acct_11/T1_serif.png,51,1400,680,0.08276890756302521
resume,res_acct_11,acct,11,T3_sans,/Users/wdanforth/Desktop/thinkingtype/data/rendered/gates/resume/res_acct_11/T3_sans.png,50,1400,730,0.09330234833659491
resume,res_acct_12,acct,12,T1_serif,/Users/wdanforth/Desktop/thinkingtype/data/rendered/gates/resume/res_acct_12/T1_serif.png,51,1400,800,0.08566875
resume,res_acct_12,acct,12,T3_sans,/Users/wdanforth/Desktop/thinkingtype/data/rendered/gates/resume/res_acct_12/T3_sans.png,50,1400,789,0.10528154988231034
resume,res_fed_01,fed,1,T1_serif,/Users/wdanforth/Desktop/thinkingtype/data/rendered/gates/resume/res_fed_01/T1_serif.png,51,1400,560,0.07490561224489796
resume,res_fed_01,fed,1,T3_sans,/Users/wdanforth/Desktop/thinkingtype/data/rendered/gates/resume/res_fed_01/T3_sans.png,50,1400,612,0.081171802054155
resume,res_fed_02,fed,2,T1_serif,/Users/wdanforth/Desktop/thinkingtype/data/rendered/gates/resume/res_fed_02/T1_serif.png,51,1400,560,0.07459948979591836
resume,res_fed_02,fed,2,T3_sans,/Users/wdanforth/Desktop/thinkingtype/data/rendered/gates/resume/res_fed_02/T3_sans.png,50,1400,553,0.0904727460604495
resume,res_fed_03,fed,3,T1_serif,/Users/wdanforth/Desktop/thinkingtype/data/rendered/gates/resume/res_fed_03/T1_serif.png,51,1400,680,0.07531827731092437
resume,res_fed_03,fed,3,T3_sans,/Users/wdanforth/Desktop/thinkingtype/data/rendered/gates/resume/res_fed_03/T3_sans.png,50,1400,671,0.09114647647434533
resume,res_fed_04,fed,4,T1_serif,/Users/wdanforth/Desktop/thinkingtype/data/rendered/gates/resume/res_fed_04/T1_serif.png,51,1400,620,0.07381797235023041
resume,res_fed_04,fed,4,T3_sans,/Users/wdanforth/Desktop/thinkingtype/data/rendered/gates/resume/res_fed_04/T3_sans.png,50,1400,612,0.08915499533146592
resume,res_fed_05,fed,5,T1_serif,/Users/wdanforth/Desktop/thinkingtype/data/rendered/gates/resume/res_fed_05/T1_serif.png,51,1400,680,0.0758046218487395
resume,res_fed_05,fed,5,T3_sans,/Users/wdanforth/Desktop/thinkingtype/data/rendered/gates/resume/res_fed_05/T3_sans.png,50,1400,730,0.08397455968688845
resume,res_fed_06,fed,6,T1_serif,/Users/wdanforth/Desktop/thinkingtype/data/rendered/gates/resume/res_fed_06/T1_serif.png,51,1400,620,0.07718663594470046
resume,res_fed_06,fed,6,T3_sans,/Users/wdanforth/Desktop/thinkingtype/data/rendered/gates/resume/res_fed_06/T3_sans.png,50,1400,671,0.08537683627847563
resume,res_fed_07,fed,7,T1_serif,/Users/wdanforth/Desktop/thinkingtype/data/rendered/gates/resume/res_fed_07/T1_serif.png,51,1400,620,0.07373963133640553
resume,res_fed_07,fed,7,T3_sans,/Users/wdanforth/Desktop/thinkingtype/data/rendered/gates/resume/res_fed_07/T3_sans.png,50,1400,612,0.08871848739495798
resume,res_fed_08,fed,8,T1_serif,/Users/wdanforth/Desktop/thinkingtype/data/rendered/gates/resume/res_fed_08/T1_serif.png,51,1400,680,0.07287605042016806
resume,res_fed_08,fed,8,T3_sans,/Users/wdanforth/Desktop/thinkingtype/data/rendered/gates/resume/res_fed_08/T3_sans.png,50,1400,671,0.0882275920800511
resume,res_fed_09,fed,9,T1_serif,/Users/wdanforth/Desktop/thinkingtype/data/rendered/gates/resume/res_fed_09/T1_serif.png,51,1400,620,0.0835852534562212
resume,res_fed_09,fed,9,T3_sans,/Users/wdanforth/Desktop/thinkingtype/data/rendered/gates/resume/res_fed_09/T3_sans.png,50,1400,612,0.10116363211951447
resume,res_fed_10,fed,10,T1_serif,/Users/wdanforth/Desktop/thinkingtype/data/rendered/gates/resume/res_fed_10/T1_serif.png,51,1400,740,0.08107335907335907
resume,res_fed_10,fed,10,T3_sans,/Users/wdanforth/Desktop/thinkingtype/data/rendered/gates/resume/res_fed_10/T3_sans.png,50,1400,730,0.09853033268101762
resume,res_fed_11,fed,11,T1_serif,/Users/wdanforth/Desktop/thinkingtype/data/rendered/gates/resume/res_fed_11/T1_serif.png,51,1400,680,0.07850420168067226
resume,res_fed_11,fed,11,T3_sans,/Users/wdanforth/Desktop/thinkingtype/data/rendered/gates/resume/res_fed_11/T3_sans.png,50,1400,671,0.09532254630615286
resume,res_fed_12,fed,12,T1_serif,/Users/wdanforth/Desktop/thinkingtype/data/rendered/gates/resume/res_fed_12/T1_serif.png,51,1400,740,0.09002509652509652
resume,res_fed_12,fed,12,T3_sans,/Users/wdanforth/Desktop/thinkingtype/data/rendered/gates/resume/res_fed_12/T3_sans.png,50,1400,730,0.10992563600782779
